response_time,timestamp,duration
814.7668960009469,1697372976.3123796,0.81133
44.44976900049369,1697372976.55754,0.04265
53.65757400068105,1697372976.7666314,0.05228
41.92207099913503,1697372976.9550107,0.04052
43.48382900025172,1697372977.1569622,0.04191
45.88320500079135,1697372977.3593278,0.04433
55.131895998783875,1697372977.5680575,0.05254
68.94951200047217,1697372977.7819717,0.06584
70.1918470003875,1697372977.9841893,0.06604
70.04425099876244,1697372978.183254,0.06729
67.70099799905438,1697372978.380991,0.06237
45.553777999884915,1697372978.559099,0.04379
46.0321370010206,1697372978.7596052,0.04447
46.351109000170254,1697372978.959413,0.04487
44.274380001297686,1697372979.157597,0.04278
16.161405999810086,1697372979.3293238,0.01479
46.791924998615286,1697372979.5596673,0.04529
68.55060499947285,1697372979.7822146,0.06524
66.88106000001426,1697372979.9802735,0.06348
54.38510800013319,1697372980.1673295,0.05213
55.30007600100362,1697372980.3683999,0.05375
50.72643799940124,1697372980.5641248,0.04834
43.45494400149619,1697372980.7570488,0.04226
47.96424999949522,1697372980.9614651,0.04657
49.56180400040466,1697372981.1625319,0.04800
61.793311999281286,1697372981.375004,0.05850
66.67268799901649,1697372981.5807009,0.06257
47.9678169995168,1697372981.7615283,0.04525
70.20910199935315,1697372981.9839118,0.06632
66.46220299990091,1697372982.1802723,0.06304
66.48311400022067,1697372982.3800113,0.06192
71.59762300034345,1697372982.5855408,0.06830
53.9470280000387,1697372982.7669282,0.05255
64.77412700041896,1697372982.9781487,0.06314
18.72302599986142,1697372983.1317773,0.01725
69.78385000002163,1697372983.382703,0.06611
50.99204200087115,1697372983.564429,0.04974
68.13860999864119,1697372983.7815928,0.06456
68.30012399950647,1697372983.982164,0.06373
68.75983099962468,1697372984.182074,0.06490
71.26341999901342,1697372984.3852322,0.06745
53.00106800132198,1697372984.5661287,0.04969
52.437072999964585,1697372984.765293,0.05053
50.30531000011251,1697372984.9640136,0.04905
15.840645000935183,1697372985.1291065,0.01453
61.102904999643215,1697372985.3743784,0.05854
57.617679000031785,1697372985.5708694,0.05434
67.36126999931003,1697372985.7813184,0.06231
69.06570799947076,1697372985.9824064,0.06508
63.12462000096275,1697372986.1763556,0.06094
53.00426800022251,1697372986.3660297,0.04978
51.277701000799425,1697372986.56496,0.04872
54.09370800043689,1697372986.7674866,0.05222
48.8670060003642,1697372986.9618366,0.04726
42.73439200005669,1697372987.156039,0.04079
45.69561700009217,1697372987.3592987,0.04417
73.76546799969219,1697372987.5870075,0.06900
65.93641300059971,1697372987.7798274,0.06170
71.59609399968758,1697372987.9855628,0.06760
73.48689299942635,1697372988.1871367,0.06947
71.18866400014667,1697372988.3842928,0.06783
68.2613749995653,1697372988.5816646,0.06399
62.13195800046378,1697372988.7757094,0.05842
16.26400100030878,1697372988.929496,0.01491
52.32804799925361,1697372989.1652894,0.05084
47.5748980006756,1697372989.3614361,0.04570
80.25797899972531,1697372989.5936742,0.07549
65.5318190001708,1697372989.7790692,0.06300
65.25398200028576,1697372989.9793139,0.06151
68.5426029995142,1697372990.1819198,0.06439
73.65949599989108,1697372990.387629,0.06917
65.34974600072019,1697372990.578969,0.06236
74.26362200021686,1697372990.788245,0.06946
47.153408000667696,1697372990.960969,0.04565
50.667370998780825,1697372991.1641226,0.04906
46.222008000768255,1697372991.3598006,0.04500
58.639457000026596,1697372991.5717654,0.05579
67.99802300156443,1697372991.7816381,0.06400
61.219519999212935,1697372991.974888,0.05643
68.12380600058532,1697372992.1821039,0.06371
74.04004599993641,1697372992.387205,0.07019
70.33537999996042,1697372992.5841045,0.06691
73.29457200103207,1697372992.7873502,0.06982
45.84810799860861,1697372992.9591653,0.04407
48.14597599943227,1697372993.1618252,0.04667
51.794189001157065,1697372993.3650854,0.05056
69.8322049993294,1697372993.5829022,0.06733
68.51692300006107,1697372993.7825017,0.06414
68.77358600104344,1697372993.982333,0.06473
68.77161000011256,1697372994.1821084,0.06532
73.23393499973463,1697372994.3863328,0.06917
69.07485199917573,1697372994.582959,0.06525
69.24746100048651,1697372994.7831903,0.06538
50.61792499873263,1697372994.9637423,0.04780
52.64205200001015,1697372995.16586,0.05113
50.4395209991344,1697372995.3637917,0.04904
58.080079999854206,1697372995.5715077,0.05530
60.559773999557365,1697372995.774185,0.05607
73.66323999849556,1697372995.9868636,0.07037
69.21033099933993,1697372996.1829288,0.06616
68.72594299966295,1697372996.382595,0.06581
66.75617899963981,1697372996.580418,0.06228
71.28295400070783,1697372996.7846677,0.06516
71.32100600028934,1697372996.9849489,0.06689
44.67671500060533,1697372997.1582396,0.04307
51.11783699976513,1697372997.3649085,0.04988
17.198918001668062,1697372997.5305798,0.01595
72.0510800001648,1697372997.785217,0.06884
53.86426999939431,1697372997.9678843,0.05007
59.07724600001529,1697372998.1730084,0.05513
70.71609000013268,1697372998.3848078,0.06644
67.50378899960197,1697372998.5810192,0.06424
69.52050600011717,1697372998.7832675,0.06570
66.58721900021192,1697372998.980584,0.06221
47.98054099956062,1697372999.1620321,0.04623
43.28557699955127,1697372999.3566892,0.04163
41.92208499989647,1697372999.5559535,0.04076
45.866919001127826,1697372999.758976,0.04343
64.84654400082945,1697372999.9785361,0.06093
74.12533699971391,1697373000.1884205,0.06920
68.0447099985031,1697373000.3821313,0.06455
68.13419799982512,1697373000.581964,0.06490
62.864991999958875,1697373000.776508,0.05896
58.61843300044711,1697373000.9726338,0.05583
54.089901999759604,1697373001.1681597,0.05149
46.63628399976005,1697373001.3601613,0.04506
16.483018998769694,1697373001.529976,0.01493
47.79990300085046,1697373001.76109,0.04607
66.84036399929028,1697373001.9806278,0.06279
57.62724200030789,1697373002.1718948,0.05417
70.5149520017585,1697373002.384106,0.06714
60.57749399951717,1697373002.5743992,0.05652
67.37642200096161,1697373002.780836,0.06327
67.80109600003925,1697373002.981391,0.06351
61.91120800031058,1697373003.175995,0.05858
49.522236000484554,1697373003.3629503,0.04788
16.27825200012012,1697373003.5295713,0.01485
47.50400499870011,1697373003.7608662,0.04609
60.67543800054409,1697373003.9740689,0.05736
70.78524300050049,1697373004.1845646,0.06695
66.30990399935399,1697373004.3805823,0.06239
66.94422500004293,1697373004.5811188,0.06423
66.8576589996519,1697373004.7802358,0.06204
67.54007600102341,1697373004.9817305,0.06337
75.90339700072946,1697373005.1893458,0.07281
48.111645999597386,1697373005.3615024,0.04664
16.062491999036865,1697373005.5298758,0.01473
48.13490500055195,1697373005.7615063,0.04687
23.289472999749705,1697373005.9371169,0.02051
68.30543999967631,1697373006.1824207,0.06471
66.51398299982247,1697373006.3807108,0.06063
64.65581599877623,1697373006.5790486,0.06066
68.76451599964639,1697373006.7825344,0.06491
57.8657160003786,1697373006.971877,0.05471
67.01870699907886,1697373007.1804907,0.06435
46.98866299986548,1697373007.360825,0.04558
48.45103600018774,1697373007.56163,0.04713
50.53517899978033,1697373007.7643907,0.04889
58.718279000459006,1697373007.9725857,0.05685
57.55884700010938,1697373008.1716185,0.05447
69.69054300134303,1697373008.3841298,0.06468
69.31106699994416,1697373008.5832095,0.06540
68.97292299981927,1697373008.7829983,0.06485
68.20611999864923,1697373008.9824028,0.06487
50.87545299829799,1697373009.1649008,0.04812
56.92051899859507,1697373009.370997,0.05414
41.75257899987628,1697373009.555104,0.04038
43.76895800123748,1697373009.757049,0.04249
51.95874399942113,1697373009.965278,0.04953
70.04150499960815,1697373010.1841161,0.06542
58.36168700079725,1697373010.3720353,0.05525
64.57623799906287,1697373010.578357,0.06072
67.18280600034632,1697373010.7813444,0.06241
68.76321200070379,1697373010.9828053,0.06560
73.12072000058834,1697373011.1866999,0.06837
70.50799799981178,1697373011.3849978,0.06642
50.45299300036277,1697373011.5639646,0.04901
43.74309299964807,1697373011.7570553,0.04227
16.406855000241194,1697373011.9298995,0.01514
73.53634900027828,1697373012.1875432,0.07027
71.04953000089154,1697373012.385334,0.06636
57.838245998937055,1697373012.5717824,0.05503
68.53101200067613,1697373012.7829638,0.06470
67.1124399996188,1697373012.9809306,0.06352
68.87765999999829,1697373013.1825042,0.06451
69.4228349984769,1697373013.3836448,0.06554
50.41058700044232,1697373013.5640442,0.04881
50.377563000438386,1697373013.7638843,0.04895
45.80818100112083,1697373013.95916,0.04457
64.97257100090792,1697373014.178919,0.06249
58.10850399939227,1697373014.3717422,0.05339
20.453256000109832,1697373014.5338938,0.01866
73.75273800062132,1697373014.7875566,0.07052
62.490158999935375,1697373014.9765692,0.05995
67.88853800026118,1697373015.1816337,0.06393
69.12034900051367,1697373015.383159,0.06582
51.74965699916356,1697373015.565879,0.04966
45.96221200154105,1697373015.7593467,0.04466
51.2610340010724,1697373015.9651337,0.04959
51.052566999715054,1697373016.16472,0.04957
68.97810800001025,1697373016.382487,0.06578
66.37595699976373,1697373016.5805316,0.06101
70.92069499958598,1697373016.7853904,0.06700
69.82642900038627,1697373016.983861,0.06657
51.365588000408025,1697373017.1653044,0.04829
72.7266009998857,1697373017.3869867,0.06851
19.7469180002372,1697373017.5333536,0.01735
51.7763890002243,1697373017.7658198,0.05041
48.73484000017925,1697373017.963031,0.04741
44.44626800068363,1697373018.1579525,0.04312
65.64589300069201,1697373018.3794076,0.06048
72.95161599904532,1697373018.5872755,0.06869
66.10552700112748,1697373018.7801943,0.06211
68.35956199938664,1697373018.9824271,0.06388
66.24306300000171,1697373019.180567,0.06155
65.65133000003698,1697373019.379218,0.06174
58.97401200127206,1697373019.573137,0.05476
54.100929000924225,1697373019.7677755,0.05273
12.405432999003096,1697373019.9266522,0.01118
52.71331800031476,1697373020.1668115,0.05130
24.33948900034011,1697373020.338419,0.02205
73.14125400080229,1697373020.5874608,0.06929
68.58033099888416,1697373020.7830758,0.06334
60.02883800101699,1697373020.973933,0.05696
75.0123710004118,1697373021.1888862,0.07024
64.16331099899253,1697373021.3779368,0.05973
66.0161670002708,1697373021.5799444,0.06233
43.12930800006143,1697373021.7571676,0.04187
44.68705899853376,1697373021.9583175,0.04326
44.162778000099934,1697373022.1579587,0.04294
66.08269100070174,1697373022.379774,0.06406
64.87929499962775,1697373022.5785177,0.06098
69.44008100072097,1697373022.7838967,0.06447
69.84635700064246,1697373022.983723,0.06611
68.57388399839692,1697373023.1825402,0.06469
66.2415630013129,1697373023.3802066,0.06333
65.49064700084273,1697373023.5798957,0.06102
53.12140900059603,1697373023.7669394,0.04902
52.82037899996794,1697373023.9662154,0.05115
43.66784000012558,1697373024.157328,0.04245
55.47698200098239,1697373024.3696434,0.05406
59.41717099995003,1697373024.5738337,0.05654
75.00729000093997,1697373024.788912,0.06944
75.96289799948863,1697373024.9897823,0.07251
66.94768700072018,1697373025.1807537,0.06248
68.94540100074664,1697373025.3827825,0.06638
68.39449200015224,1697373025.5820448,0.06403
69.30456699956267,1697373025.7833014,0.06618
12.872964000052889,1697373025.9267719,0.01166
50.0383350008633,1697373026.1643124,0.04863
50.63102599888225,1697373026.3644087,0.04934
69.00105299973802,1697373026.5831578,0.06437
59.52088100093533,1697373026.773601,0.05593
64.5011409997096,1697373026.9792256,0.06025
67.25201799963543,1697373027.1814635,0.06350
66.91301200044109,1697373027.3814352,0.06287
49.49009899974044,1697373027.5638096,0.04686
68.26216300032684,1697373027.7821872,0.06447
50.252297000042745,1697373027.964701,0.04846
48.25526900094701,1697373028.1624312,0.04690
44.38466099963989,1697373028.3582857,0.04281
50.94657700101379,1697373028.5654256,0.04793
63.61999399996421,1697373028.778133,0.05980
68.66159900164348,1697373028.982768,0.06451
69.76847899932181,1697373029.183704,0.06569
67.43031799851451,1697373029.3820817,0.06350
66.3255189992924,1697373029.5805461,0.06249
66.14019799962989,1697373029.7807403,0.06192
50.627644999622134,1697373029.9645872,0.04896
51.827143999616965,1697373030.165861,0.05057
46.57551199852605,1697373030.3609083,0.04538
42.60037299900432,1697373030.5571532,0.03984
67.32090300101845,1697373030.7816179,0.06328
62.41523400058213,1697373030.976403,0.05779
11.838899999929708,1697373031.1259243,0.01081
68.7207369992393,1697373031.382532,0.06474
70.40827499986335,1697373031.58418,0.06660
70.60269900102867,1697373031.7848177,0.06614
53.694625001298846,1697373031.9673994,0.05079
42.68444599983923,1697373032.156546,0.04119
43.848549999893294,1697373032.3578923,0.04243
58.33030400026473,1697373032.57265,0.05593
71.20295700042334,1697373032.7858546,0.06706
69.2453289993864,1697373032.9832919,0.06638
69.38186899969878,1697373033.183685,0.06508
65.20698799977254,1697373033.3790693,0.06026
71.74578199919779,1697373033.5860977,0.06763
73.85663300010492,1697373033.7879462,0.07077
68.45086000066658,1697373033.982258,0.06439
43.55453100106388,1697373034.1574109,0.04212
15.065167999637197,1697373034.3289914,0.01384
43.05036599907908,1697373034.5575209,0.04188
64.22588599889423,1697373034.779003,0.06031
66.21710999934294,1697373034.9802125,0.06148
52.502282000205014,1697373035.166576,0.04888
66.10844900023949,1697373035.3808522,0.06031
73.72530000066035,1697373035.5878277,0.06999
67.47238700154412,1697373035.782247,0.06350
64.80411799930152,1697373035.9788888,0.06198
50.504717999501736,1697373036.1644125,0.04920
43.09101299986651,1697373036.3569367,0.04183
11.50033900012204,1697373036.5259058,0.01029
69.89243600037298,1697373036.784281,0.06666
66.1716089998663,1697373036.9803805,0.06240
65.59192600070674,1697373037.1799319,0.06157
69.4480919992202,1697373037.383515,0.06501
65.53878300110227,1697373037.5799136,0.06295
67.10951099921658,1697373037.781669,0.06233
64.93482299993047,1697373037.9796257,0.06132
55.00958999982686,1697373038.1695406,0.05303
50.88181500104838,1697373038.3648517,0.04963
44.087697999202646,1697373038.558392,0.04264
67.61074799942435,1697373038.7820172,0.06480
59.25905100048112,1697373038.9733102,0.05492
56.57472299935762,1697373039.1708817,0.05271
68.14269699862052,1697373039.3820336,0.06431
47.930412998539396,1697373039.561936,0.04474
64.93157300064922,1697373039.7789555,0.06035
70.09536899931845,1697373039.984113,0.06625
64.83218400171609,1697373040.178806,0.06181
50.11378900053387,1697373040.3644052,0.04842
41.978564999226364,1697373040.5565257,0.04076
47.465454999837675,1697373040.7615101,0.04579
63.57920600021316,1697373040.9779437,0.06058
72.29534399994009,1697373041.1863241,0.06745
65.51244699949166,1697373041.3799295,0.06148
27.357656999811297,1697373041.5413299,0.02366
64.32261600093625,1697373041.778665,0.06013
63.77551500008849,1697373041.9784203,0.05915
67.44415600041975,1697373042.181805,0.06356
43.00762999992003,1697373042.3570375,0.04148
49.44310199971369,1697373042.563966,0.04802
50.66917200019816,1697373042.7651143,0.04944
59.06000000140921,1697373042.9735608,0.05605
63.02163700092933,1697373043.1775007,0.06049
54.77669399988372,1697373043.3692775,0.05124
66.69912899997144,1697373043.5810583,0.06268
68.43135099916253,1697373043.7825058,0.06434
69.63046199962264,1697373043.9840257,0.06538
69.33216000106768,1697373044.1833127,0.06581
48.50006500055315,1697373044.3629081,0.04692
41.50456499883148,1697373044.555911,0.04036
41.507371000989224,1697373044.7558625,0.04013
67.8100680015632,1697373044.9816554,0.06396
55.04146300154389,1697373045.1697423,0.05061
67.60637799925462,1697373045.3823152,0.06453
70.28804399851651,1697373045.5845363,0.06584
68.45619399973657,1697373045.7829914,0.06484
72.16971500020009,1697373045.986029,0.06892
70.64217900006042,1697373046.1855319,0.06757
52.54704999970272,1697373046.3669078,0.05087
50.341592001132085,1697373046.5647006,0.04891
48.34451599890599,1697373046.7625659,0.04712
53.387906000352814,1697373046.967121,0.05184
66.36916299976292,1697373047.1802852,0.06330
72.33627799905662,1697373047.386591,0.06762
65.64310499925341,1697373047.5801923,0.06188
68.41034900025988,1697373047.7825427,0.06440
66.45108600059757,1697373047.9806406,0.06241
68.45251100094174,1697373048.1830199,0.06442
69.23874899985094,1697373048.3833213,0.06506
50.67755699928966,1697373048.5646882,0.04909
41.5406330012047,1697373048.7557204,0.04040
49.38272499930463,1697373048.9635758,0.04808
66.6913899985957,1697373049.1809926,0.06270
68.14415100052429,1697373049.3821845,0.06440
71.14116400043713,1697373049.5854375,0.06625
67.69987900042906,1697373049.7821023,0.06358
73.08763099899807,1697373049.9879546,0.07011
67.26098600120167,1697373050.1821475,0.06346
59.34803799937072,1697373050.37337,0.05598
51.641621999806375,1697373050.566088,0.05013
44.48392700032855,1697373050.7587895,0.04324
44.9001369997859,1697373050.9590647,0.04336
65.85096700109716,1697373051.1798525,0.06254
69.76009599929966,1697373051.3843887,0.06553
66.70873799885157,1697373051.5807877,0.06287
65.7595400007267,1697373051.7803075,0.06201
70.06530400030897,1697373051.9851716,0.06536
57.87968399999954,1697373052.171922,0.05503
66.73286099976394,1697373052.3814676,0.06191
49.0619610009162,1697373052.5635877,0.04759
47.93352300112019,1697373052.761758,0.04651
45.30211500059522,1697373052.9594247,0.04411
60.53418500050611,1697373053.175249,0.05696
68.50500700056728,1697373053.3836765,0.06422
67.61077599912824,1697373053.582038,0.06382
57.29062299906218,1697373053.7719696,0.05413
68.93920400034403,1697373053.9836805,0.06491
71.60594400011178,1697373054.1863725,0.06870
66.84074800068629,1697373054.3819842,0.06284
61.60452899894153,1697373054.5762324,0.05845
11.743335000574007,1697373054.7263224,0.01040
50.6774650002626,1697373054.9654088,0.04936
13.598708999779774,1697373055.1283755,0.01242
71.90707200061297,1697373055.3859732,0.06816
66.98240399964561,1697373055.5817235,0.06208
64.95924100090633,1697373055.779461,0.06092
70.0820769998245,1697373055.984256,0.06596
66.974745999687,1697373056.1819806,0.06379
68.64143399980094,1697373056.3834152,0.06369
73.59924699994735,1697373056.5887372,0.06972
46.91852699943411,1697373056.7611482,0.04569
43.63373200067144,1697373056.958124,0.04236
49.8323790016002,1697373057.1643827,0.04831
51.45723700115923,1697373057.365943,0.04755
66.14888399963093,1697373057.5807092,0.06221
68.5882270008733,1697373057.7829561,0.06477
68.69211699995503,1697373057.9833806,0.06460
72.09946299917647,1697373058.1872153,0.06839
69.06590499966114,1697373058.3841357,0.06520
66.48761100041156,1697373058.5812702,0.06324
52.16292099976272,1697373058.7667813,0.05076
15.620182999555254,1697373058.9297564,0.01439
43.789191000541905,1697373059.158083,0.04210
51.50283200055128,1697373059.3659894,0.04886
58.518598998489324,1697373059.5733314,0.05343
49.30558300111443,1697373059.7642956,0.04714
67.77785099984612,1697373059.9827173,0.06391
65.8531019998918,1697373060.1802404,0.06201
64.0220400000544,1697373060.379024,0.05979
58.38702400069451,1697373060.5731668,0.05291
56.01047399977688,1697373060.7703729,0.05300
41.81044300094072,1697373060.9560359,0.04048
46.04683999968984,1697373061.1604352,0.04468
43.61914800028899,1697373061.3583655,0.04234
65.23710500005109,1697373061.58025,0.06142
59.49814999985392,1697373061.7744048,0.05648
67.7036990000488,1697373061.982802,0.06375
51.99552200065227,1697373062.1664202,0.04949
55.023844999595894,1697373062.3701162,0.05105
66.03809499938507,1697373062.58086,0.06232
68.23217300006945,1697373062.7828476,0.06289
42.80558100072085,1697373062.957045,0.04151
47.9863109994767,1697373063.1625142,0.04654
42.64086799958022,1697373063.357663,0.04143
61.631102000319515,1697373063.5760078,0.05862
70.47284399959608,1697373063.7852466,0.06662
65.23421200108714,1697373063.9801133,0.06239
58.75087700042059,1697373064.1734297,0.05551
69.55989199923351,1697373064.3847342,0.06550
65.45454600018275,1697373064.5800278,0.06033
71.29339299899584,1697373064.7860415,0.06774
45.837517000109074,1697373064.9599488,0.04452
47.86344599961012,1697373065.162347,0.04622
43.66745900006208,1697373065.3585343,0.04220
55.94658699919819,1697373065.5701892,0.05395
63.17233699883218,1697373065.778193,0.05844
74.15388399931544,1697373065.989297,0.07032
65.83621900063008,1697373066.1807437,0.06311
67.33647299915901,1697373066.3818374,0.06384
60.77450500015402,1697373066.575707,0.05789
58.735030999741866,1697373066.7732198,0.05619
21.800761998747475,1697373066.9363184,0.01943
46.69030299919541,1697373067.1614473,0.04539
47.66603799907898,1697373067.362664,0.04627
57.38900100004685,1697373067.571859,0.05492
65.68735300061235,1697373067.7805219,0.06189
66.15102999967348,1697373067.98152,0.06198
69.02275399988866,1697373068.1833587,0.06544
67.02810799833969,1697373068.3823576,0.06265
65.33115900128905,1697373068.579669,0.06211
58.17446800028847,1697373068.7726882,0.05534
69.65063499956159,1697373068.9842608,0.06648
52.89698700107692,1697373069.167663,0.05095
52.760438000404974,1697373069.3669,0.05152
47.92429899862327,1697373069.562185,0.04657
65.64363399957074,1697373069.780607,0.06156
68.24605600013456,1697373069.982799,0.06527
66.24645100055204,1697373070.1810205,0.06212
72.1223069995176,1697373070.3871844,0.06739
62.96994799959066,1697373070.577903,0.06019
66.51793499986525,1697373070.7813132,0.06279
64.66161200114584,1697373070.9798532,0.06062
50.21701199984818,1697373071.1648867,0.04899
41.16810500090651,1697373071.3555293,0.03990
43.59743900022295,1697373071.5586307,0.04197
61.94014699940453,1697373071.776805,0.05805
70.1445300001069,1697373071.9849336,0.06591
67.94806600009906,1697373072.182811,0.06313
70.16423800087068,1697373072.384801,0.06733
65.77032600034727,1697373072.5804722,0.06201
46.37219199867104,1697373072.7607367,0.04343
67.09266299912997,1697373072.9817667,0.06200
51.68666600002325,1697373073.1658087,0.05017
51.35805300051288,1697373073.3656654,0.04995
51.39305900047475,1697373073.5656033,0.05021
44.3936150004447,1697373073.7593317,0.04264
71.90770100169175,1697373073.987078,0.06820
65.59172699962801,1697373074.1805363,0.06180
65.83481599955121,1697373074.381146,0.06287
71.25769699996454,1697373074.586296,0.06722
68.99626900121802,1697373074.7842908,0.06581
69.52811900009692,1697373074.9847133,0.06586
55.27323800015438,1697373075.1698236,0.05171
50.75328599923523,1697373075.3651083,0.04953
46.450510000795475,1697373075.561015,0.04520
47.003035000670934,1697373075.7611408,0.04556
56.59547100003692,1697373075.9713736,0.05384
68.558587001462,1697373076.1838238,0.06467
68.33776499843225,1697373076.3832054,0.06419
64.14859399956185,1697373076.579513,0.06102
63.93775700053084,1697373076.7786176,0.05928
66.48672499977692,1697373076.9812372,0.06253
74.45997700051521,1697373077.1897721,0.07042
45.560528998976224,1697373077.3599834,0.04404
49.154977001308,1697373077.5636337,0.04756
50.36529800054268,1697373077.7654412,0.04888
24.074932000075933,1697373077.9391215,0.02173
64.81522600006429,1697373078.1797972,0.06160
66.22344500101462,1697373078.380911,0.06229
66.3756869998906,1697373078.581413,0.06257
69.78425099987362,1697373078.7843308,0.06543
65.79953400068916,1697373078.9802744,0.06296
64.70055899990257,1697373079.1800056,0.06096
51.42424000041501,1697373079.365883,0.05005
48.71697399903496,1697373079.563075,0.04751
48.76406199946359,1697373079.763262,0.04723
67.94302100024652,1697373079.9831903,0.06425
57.7727390009386,1697373080.1729994,0.05452
64.37787600043521,1697373080.3793736,0.06121
64.12605399964377,1697373080.5787554,0.06011
65.48299600035534,1697373080.780446,0.06232
63.54609999834793,1697373080.978703,0.05898
66.6435420007474,1697373081.1813827,0.06140
50.06840499845566,1697373081.3648539,0.04773
44.32008000003407,1697373081.5585673,0.04310
46.524221999789006,1697373081.7616181,0.04522
48.64013200131012,1697373081.9631004,0.04725
56.388855999102816,1697373082.1713767,0.05355
65.66116099929786,1697373082.380357,0.06164
66.80480399882072,1697373082.5821142,0.06369
65.61301100009587,1697373082.7808487,0.06322
67.62893700033601,1697373082.9824586,0.06334
66.65505000091798,1697373083.182049,0.06398
59.614150999550475,1697373083.374491,0.05665
54.33973899926059,1697373083.5692625,0.05281
44.53233599997475,1697373083.7593,0.04329
47.94436199881602,1697373083.9626772,0.04639
57.6481159987452,1697373084.172241,0.05410
63.561482000295655,1697373084.378715,0.06032
69.14953099840204,1697373084.5838618,0.06530
69.91838900103176,1697373084.7849662,0.06599
67.80471099955321,1697373084.9829977,0.06143
69.74633000027097,1697373085.184872,0.06593
69.6548680007254,1697373085.384514,0.06665
50.36203999952704,1697373085.5650494,0.04877
44.19013500046276,1697373085.7587428,0.04260
49.841545998788206,1697373085.9650128,0.04841
64.65712699900905,1697373086.1793063,0.06080
70.58188799965137,1697373086.38592,0.06658
68.51201999961631,1697373086.5832932,0.06522
62.02326499987976,1697373086.7773297,0.05787
63.5790750002343,1697373086.9789662,0.05973
64.62884499887878,1697373087.1796737,0.06108
73.72422700063908,1697373087.3885221,0.06998
44.94125600103871,1697373087.5597558,0.04352
46.2450089999038,1697373087.7614431,0.04489
45.15784899922437,1697373087.96001,0.04398
51.120181000442244,1697373088.166182,0.04866
68.8477959993179,1697373088.3841193,0.06413
56.40020400096546,1697373088.5712743,0.05285
66.73687399961636,1697373088.7818828,0.06256
64.84359499881975,1697373088.9796472,0.06111
66.5119200002664,1697373089.18112,0.06301
50.88146299931395,1697373089.3660045,0.04777
50.07194099925982,1697373089.5648267,0.04812
44.167631000163965,1697373089.7594678,0.04285
49.698453998644254,1697373089.964503,0.04838
42.193823001070996,1697373090.156989,0.03999
70.06950799950573,1697373090.3851712,0.06600
71.02493300044443,1697373090.5862255,0.06703
70.1265979987511,1697373090.7852118,0.06730
62.24933600060467,1697373090.9773445,0.05892
68.86770500022976,1697373091.1842666,0.06419
55.398133999915444,1697373091.3705792,0.05257
62.70235899864929,1697373091.5782688,0.05839
11.466849000498769,1697373091.726226,0.01027
47.63331300091522,1697373091.9623919,0.04629
41.171457998643746,1697373092.1560256,0.04001
56.8401279997488,1697373092.37167,0.05418
67.43715499942482,1697373092.583322,0.06322
68.60561600115034,1697373092.783958,0.06469
65.16127200120536,1697373092.9800518,0.06239
66.7359100007161,1697373093.1816504,0.06325
65.05854299939529,1697373093.379706,0.06212
68.15100299900223,1697373093.582735,0.06510
43.75500600144733,1697373093.759007,0.04240
50.159504999101046,1697373093.9646134,0.04887
47.69800500071142,1697373094.1626813,0.04620
57.667248000143445,1697373094.3721902,0.05479
64.1877870002645,1697373094.5792928,0.06028
64.59946900031355,1697373094.7798955,0.06078
50.56104600043909,1697373094.9654136,0.04693
49.95152700030303,1697373095.1654115,0.04620
74.26416800080915,1697373095.389528,0.07075
65.07806700028596,1697373095.5806077,0.06093
43.29813000003924,1697373095.757996,0.04187
15.113057999769808,1697373095.9305105,0.01389
49.788746000558604,1697373096.164613,0.04858
64.96596900069562,1697373096.3797796,0.06284
70.6000629998016,1697373096.585343,0.06681
68.44136099971365,1697373096.7837822,0.06480
67.85581599979196,1697373096.9826329,0.06351
66.12870299977658,1697373097.1816707,0.06288
67.5235149992659,1697373097.3822343,0.06350
68.16393499866535,1697373097.5833504,0.06434
50.86384899914265,1697373097.766007,0.04681
52.645687999756774,1697373097.9671547,0.05102
50.36708299849124,1697373098.1649551,0.04919
51.45231399910699,1697373098.3667917,0.05018
68.4457539991854,1697373098.5839643,0.06554
66.67051400108903,1697373098.7816272,0.06301
67.93165899944142,1697373098.9834456,0.06480
65.04453900015505,1697373099.180444,0.06130
70.07506999980251,1697373099.385394,0.06602
68.5880700002599,1697373099.5839553,0.06513
51.49971500031825,1697373099.766121,0.04926
44.164700999317574,1697373099.9588423,0.04247
46.50115500044194,1697373100.161851,0.04504
49.0947939997568,1697373100.364289,0.04762
78.24287299990829,1697373100.59322,0.07530
68.74071100173751,1697373100.7837896,0.06485
65.23030499920424,1697373100.9808345,0.06112
52.13009599901852,1697373101.167709,0.04612
64.14027000028,1697373101.3794715,0.06107
61.336832000961294,1697373101.5765438,0.05695
65.12843899872678,1697373101.7803671,0.06113
50.36106599982304,1697373101.9655015,0.04899
46.56853599954047,1697373102.1614444,0.04499
46.77757599893084,1697373102.361617,0.04526
66.920115999892,1697373102.5823236,0.06283
68.14894300077867,1697373102.7832448,0.06335
46.19160599941097,1697373102.961055,0.04332
63.46180600121443,1697373103.1791773,0.06057
73.47402599953057,1697373103.3884275,0.06961
72.79377799932263,1697373103.5880587,0.06848
65.83453799976269,1697373103.781592,0.06202
17.390674000125728,1697373103.932196,0.01623
42.05679200094892,1697373104.157609,0.04091
49.848953000037,1697373104.3648214,0.04859
56.3678409998829,1697373104.571644,0.05482
67.13148299968452,1697373104.7823217,0.06359
71.57886599998164,1697373104.9866514,0.06738
66.79186700057471,1697373105.1821415,0.06281
64.06071399942448,1697373105.3799608,0.05915
67.35285899958399,1697373105.5830038,0.06384
66.27590699827124,1697373105.7819285,0.06340
57.01164899983269,1697373105.9723806,0.05389
49.103864999779034,1697373106.1637354,0.04766
50.557267999465694,1697373106.3656266,0.04895
40.792918000079226,1697373106.5562582,0.03947
65.28599500052223,1697373106.781088,0.06241
71.10959200144862,1697373106.9869752,0.06685
66.70122000105039,1697373107.1823785,0.06203
65.65814500027045,1697373107.380834,0.06175
72.30861300013203,1697373107.5875802,0.06833
69.0789259988378,1697373107.7844744,0.06449
72.3439329995017,1697373107.9875636,0.06716
49.91681700084882,1697373108.164978,0.04869
16.623239000182366,1697373108.3319662,0.01521
51.61680300079752,1697373108.5664518,0.05026
67.33011400137912,1697373108.7823112,0.06426
73.22417799878167,1697373108.9882495,0.06946
67.46316099997784,1697373109.1833515,0.06358
63.13882899848977,1697373109.378244,0.05803
74.04388299983111,1697373109.5890594,0.07028
67.52586299990071,1697373109.7832625,0.06304
68.1521429996792,1697373109.9831688,0.06443
42.62308899888012,1697373110.157555,0.04103
50.33467199973529,1697373110.365281,0.04900
54.76032300066436,1697373110.5703893,0.05340
69.83102800040797,1697373110.7854788,0.06732
66.97103599981347,1697373110.9820929,0.06329
66.39319999885629,1697373111.1822374,0.06261
70.28437299959478,1697373111.3854804,0.06662
66.6976970005635,1697373111.5818064,0.06366
71.11109600009513,1697373111.7868323,0.06854
66.38262900014524,1697373111.981965,0.06239
54.86419999942882,1697373112.170282,0.05275
44.88200000014331,1697373112.3605309,0.04351
50.401971999235684,1697373112.5653846,0.04873
62.9896890004602,1697373112.7779174,0.06052
64.18479599960847,1697373112.9796755,0.06126
61.14473900015582,1697373113.1765718,0.05718
65.00082000093244,1697373113.380392,0.06094
64.35786699876189,1697373113.5795033,0.06025
54.38594900078897,1697373113.7701614,0.05235
77.25195999955758,1697373113.9929876,0.07413
61.58603500080062,1697373114.1771228,0.05857
49.29896499925235,1697373114.3648288,0.04804
46.62469199865882,1697373114.5618942,0.04538
47.93445500035887,1697373114.7633464,0.04671
48.9235050008574,1697373114.963987,0.04415
72.65630999972927,1697373115.188603,0.06853
67.98535300004005,1697373115.3833506,0.06517
57.646811999802594,1697373115.5737464,0.05466
49.80371199962974,1697373115.76533,0.04699
60.17556400001922,1697373115.9753985,0.05734
68.03762600065966,1697373116.1832378,0.06418
47.8560160008783,1697373116.3635185,0.04664
44.13540200039279,1697373116.5596972,0.04281
43.38403400106472,1697373116.7585404,0.04213
50.01998099942284,1697373116.9652808,0.04686
73.20670100125426,1697373117.188532,0.06904
65.0945520010282,1697373117.380541,0.05973
67.86467500023718,1697373117.5832384,0.06469
70.95795400164207,1697373117.7869911,0.06298
70.23642500098504,1697373117.9859502,0.06616
70.28889799948956,1697373118.186035,0.06694
42.52705100043386,1697373118.3583057,0.04088
49.04559600072389,1697373118.564857,0.04753
49.02702999970643,1697373118.764366,0.04782
40.61496600115788,1697373118.9557068,0.03887
62.70946500080754,1697373119.1783338,0.05855
72.32109500000661,1697373119.3876693,0.06740
67.61501300024975,1697373119.5832224,0.06269
65.39063300078851,1697373119.7805812,0.06231
65.50105399946915,1697373119.980756,0.06063
68.94962600017607,1697373120.1846726,0.06511
48.63944400131004,1697373120.3645084,0.04608
49.262287000601646,1697373120.5642602,0.04772
42.5620460009668,1697373120.7583325,0.04105
52.71864399946935,1697373120.9677634,0.05118
67.8010700012237,1697373121.183482,0.06328
46.38045899991994,1697373121.3617198,0.04492
65.74923699918145,1697373121.5815165,0.06260
49.99935299929348,1697373121.7656584,0.04618
47.763443999429,1697373121.9636896,0.04386
70.8867419998569,1697373122.186403,0.06690
71.89454000035767,1697373122.38718,0.06783
50.3272959995229,1697373122.5660574,0.04909
51.319420999789145,1697373122.7669916,0.04994
43.346639000446885,1697373122.9587855,0.04216
68.069621000177,1697373123.183468,0.06427
70.78544499927375,1697373123.3861525,0.06680
64.4047989990213,1697373123.5805652,0.06040
66.45879600000626,1697373123.782123,0.06189
71.51458100088348,1697373123.9866643,0.06682
66.94952799989551,1697373124.1824565,0.06301
63.36206800006039,1697373124.378644,0.06008
48.13497099894448,1697373124.5634727,0.04649
46.6682469996158,1697373124.7615223,0.04534
49.72612500023388,1697373124.9647222,0.04838
43.911054999625776,1697373125.1597552,0.04120
72.97512499826553,1697373125.3886733,0.06818
65.3188529995532,1697373125.5809114,0.06135
67.13062500057276,1697373125.783076,0.06281
63.93111199940904,1697373125.9800699,0.06000
64.78585700097028,1697373126.1801496,0.06096
64.0031570001156,1697373126.3792772,0.06110
47.60059999898658,1697373126.5630736,0.04623
41.35227000006125,1697373126.7568886,0.03972
46.71187399981136,1697373126.9619832,0.04504
56.6847059999418,1697373127.1723726,0.05414
58.1967939997412,1697373127.3737369,0.05401
67.26675299978524,1697373127.5830367,0.06280
63.234381001166184,1697373127.7793455,0.05909
67.80358300056832,1697373127.9832995,0.06281
56.91436899905966,1697373128.1726675,0.05376
63.41238099957991,1697373128.3793738,0.05876
53.19399899963173,1697373128.5685866,0.04658
42.766301001393,1697373128.7578611,0.04156
46.15577000004123,1697373128.9615278,0.04492
44.876907999423565,1697373129.1598492,0.04350
71.11098400127958,1697373129.3869553,0.06710
65.50399800107698,1697373129.5816076,0.06171
65.01409100019373,1697373129.7808883,0.06090
65.04213600055664,1697373129.9811282,0.06067
66.31475299946032,1697373130.1817646,0.06183
56.963490998896305,1697373130.3730023,0.05392
63.50707300043723,1697373130.5796618,0.05876
50.42802299976756,1697373130.7660148,0.04908
40.746578999460326,1697373130.9562101,0.03930
49.21486200146319,1697373131.1649323,0.04758
69.68505700024252,1697373131.3857265,0.06578
66.51448299999174,1697373131.582165,0.06231
70.8446910011844,1697373131.7864854,0.06554
66.90637999963656,1697373131.9825034,0.06358
56.90035900079238,1697373132.1725092,0.05372
69.75027499902353,1697373132.3852265,0.06584
62.51444199915568,1697373132.5787592,0.05855
42.75707100168802,1697373132.7585893,0.04150
49.73904700091225,1697373132.9647777,0.04828
49.446315999375656,1697373133.16469,0.04801
68.1193960008386,1697373133.3834155,0.06416
68.93077099994116,1697373133.5843563,0.06549
70.89884500055632,1697373133.7865598,0.06638
61.6324220009119,1697373133.9772902,0.05881
64.79103200035752,1697373134.1804397,0.06053
67.25411899969913,1697373134.3831706,0.06268
68.64711799971701,1697373134.584815,0.06455
50.071302999640466,1697373134.7661865,0.04719
13.083377998555079,1697373134.9287293,0.01191
50.552449998576776,1697373135.1657934,0.04900
52.4571490004746,1697373135.3676562,0.05097
72.43447300061234,1697373135.5879865,0.06841
69.65106899951934,1697373135.7856083,0.06559
68.51256299887609,1697373135.9840822,0.06516
63.34444299864117,1697373136.1793997,0.05949
65.5862959993101,1697373136.381283,0.06197
67.68841099983547,1697373136.5841327,0.06327
67.1266530007415,1697373136.782926,0.06305
46.31435500050429,1697373136.9617918,0.04488
47.90121999940311,1697373137.1631553,0.04624
44.638172001214116,1697373137.3603106,0.04277
64.30086799991841,1697373137.580566,0.06002
61.742636000417406,1697373137.777281,0.05756
66.59962099911354,1697373137.9829304,0.06249
72.18497299982118,1697373138.1880684,0.06819
66.51592100024573,1697373138.382775,0.06229
67.37803000032727,1697373138.583099,0.06409
57.238360999690485,1697373138.7732606,0.05425
53.49054799989972,1697373138.9694781,0.05167
49.523830000907765,1697373139.1655407,0.04796
49.00444400118431,1697373139.3650615,0.04728
57.253414999649976,1697373139.5728498,0.05447
70.08037899868214,1697373139.785901,0.06598
67.23622800018347,1697373139.983108,0.06287
56.623546000992064,1697373140.1726978,0.05361
65.56565299979411,1697373140.3813255,0.06192
65.84154400115949,1697373140.5815244,0.06082
67.10085100166907,1697373140.7824717,0.06338
41.949688999011414,1697373140.9575522,0.04052
45.042753999950946,1697373141.1610942,0.04354
46.67438199976459,1697373141.3622594,0.04518
42.17916599918681,1697373141.557435,0.04029
62.207828001191956,1697373141.7782366,0.05932
62.70849700013059,1697373141.978975,0.05889
63.71417400077917,1697373142.1796942,0.05999
65.03488899943477,1697373142.3807101,0.06058
69.69696600026509,1697373142.5856647,0.06516
64.04225500045868,1697373142.7796519,0.06164
50.21799699898111,1697373142.9662464,0.04793
44.20567099987238,1697373143.1598396,0.04290
16.23725700119394,1697373143.3315985,0.01488
49.635287999990396,1697373143.5652502,0.04744
64.34951800110866,1697373143.7805572,0.05825
67.15240100129449,1697373143.9827185,0.06343
43.71610799898917,1697373144.1592283,0.04080
66.87602899910416,1697373144.3830998,0.06265
68.03878999926383,1697373144.5839741,0.06353
65.49210699995456,1697373144.781434,0.06163
67.03370099967287,1697373144.9834287,0.06325
51.187471000957885,1697373145.1672153,0.04905
15.384057000119356,1697373145.3311174,0.01404
48.877924999032984,1697373145.5645115,0.04745
61.79740700099501,1697373145.7782037,0.05795
65.08842699986417,1697373145.9811125,0.06219
57.38631499843905,1697373146.173402,0.05420
68.38028200036206,1697373146.3838184,0.06406
68.12638500014145,1697373146.5838943,0.06379
70.03584199992474,1697373146.7858303,0.06628
62.91807100024016,1697373146.9785337,0.06018
45.90817400094238,1697373147.162029,0.04445
50.741368999297265,1697373147.3662515,0.04946
48.52694100009103,1697373147.5642838,0.04731
67.95729999976174,1697373147.7843473,0.06313
65.9948769989569,1697373147.9825413,0.06201
62.95588200009661,1697373148.1793075,0.06017
65.52416200065636,1697373148.3819318,0.06138
67.43586300035531,1697373148.5832963,0.06285
66.9409469992388,1697373148.7825034,0.06153
65.09675100096501,1697373148.9805322,0.06060
50.96062600023288,1697373149.166941,0.04939
15.552016999208718,1697373149.3310118,0.01436
47.93156599953363,1697373149.5634313,0.04644
12.69133599998895,1697373149.7286842,0.01144
20.169409999653,1697373149.9363556,0.01836
63.93862299955799,1697373150.1800203,0.05937
72.03210600164311,1697373150.387726,0.06933
74.60555699981342,1697373150.591092,0.06980
64.95750499925634,1697373150.7806854,0.06001
64.35151899859193,1697373150.9807372,0.06022
57.21495700163359,1697373151.1735573,0.05328
48.835409001185326,1697373151.3648186,0.04759
46.11594400012109,1697373151.5622966,0.04451
54.65483899934043,1697373151.7705142,0.05303
69.38905999959388,1697373151.9854083,0.06658
65.92607600032352,1697373152.1820235,0.06310
69.240301998434,1697373152.3851311,0.06516
61.67297299907659,1697373152.577533,0.05826
65.48448700050358,1697373152.7817943,0.06103
65.8684310001263,1697373152.9823773,0.06192
67.648268000994,1697373153.1836748,0.06264
15.68491299985908,1697373153.3310971,0.01431
48.57105700102693,1697373153.5644174,0.04698
45.096511999872746,1697373153.760909,0.04354
71.0614279996662,1697373153.9868433,0.06748
64.84782400002587,1697373154.1813076,0.06192
67.06975099950796,1697373154.3832202,0.06328
69.57901900022989,1697373154.5854132,0.06675
67.7329340014694,1697373154.7838538,0.06388
47.547721000228194,1697373154.9638622,0.04459
64.9548359997425,1697373155.181564,0.06077
49.526381999385194,1697373155.3651075,0.04803
50.81008799970732,1697373155.5662792,0.04932
50.07352299980994,1697373155.7657394,0.04840
63.748864999070065,1697373155.9799109,0.06119
60.97553399922617,1697373156.177848,0.05692
63.95788300142158,1697373156.3804383,0.06058
63.786491000428214,1697373156.5798728,0.06096
63.12778700157651,1697373156.7797337,0.05899
64.35153299935337,1697373156.9801474,0.06042
67.50508600089233,1697373157.183592,0.06343
41.02031000002171,1697373157.357034,0.03944
46.66606499995396,1697373157.563066,0.04549
45.36811100115301,1697373157.76177,0.04398
47.58629400021164,1697373157.963844,0.04597
49.27920500085747,1697373158.1657617,0.04641
52.948237000236986,1697373158.369622,0.04853
61.63407799976994,1697373158.5779474,0.05742
66.83875800081296,1697373158.7833962,0.06402
64.94586600092589,1697373158.9811282,0.06114
63.533617998473346,1697373159.1795442,0.05958
68.04951999947662,1697373159.3843145,0.06379
53.825686998607125,1697373159.569425,0.05260
46.62053699939861,1697373159.7624133,0.04529
47.480842000368284,1697373159.9632697,0.04589
56.94458400103031,1697373160.1727567,0.05406
59.34017600156949,1697373160.3758864,0.05446
62.92338699859101,1697373160.579589,0.05883
57.458575000055134,1697373160.773845,0.05371
57.94362400047248,1697373160.974742,0.05320
63.588315999368206,1697373161.1799638,0.06054
47.729793999678805,1697373161.3644567,0.04451
48.26211599902308,1697373161.5637975,0.04704
49.065741999584134,1697373161.7652383,0.04769
46.80145900056232,1697373161.9631734,0.04539
61.99224800002412,1697373162.1782832,0.05859
66.4696809999441,1697373162.3827882,0.06256
61.4876829986315,1697373162.5781054,0.05711
68.6535550012195,1697373162.784516,0.06420
57.09497700081556,1697373162.9732807,0.05423
54.37290000008943,1697373163.1704917,0.05176
65.1885659990512,1697373163.381443,0.06070
50.51907300003222,1697373163.566528,0.04929
42.68044300079055,1697373163.7586668,0.04129
44.18136499953107,1697373163.9603856,0.04301
48.48592300004384,1697373164.1643143,0.04683
71.93076400108112,1697373164.3880284,0.06808
66.29863899979682,1697373164.5830045,0.06254
65.52909200036083,1697373164.782256,0.06066
72.46930600013002,1697373164.988642,0.06868
71.46686000123736,1697373165.1880097,0.06765
52.033983998626354,1697373165.3685694,0.05047
54.814460998386494,1697373165.5710292,0.05185
50.85079499986023,1697373165.7673035,0.04949
49.90471599921875,1697373165.9657032,0.04839
16.1023729997396,1697373166.1319551,0.01476
66.50540299960994,1697373166.3821664,0.06387
60.058104998461204,1697373166.575867,0.05743
51.4644290014985,1697373166.768213,0.04860
68.02609899932577,1697373166.983967,0.06365
63.32292099978076,1697373167.1793716,0.05936
69.97181699989596,1697373167.386217,0.06597
67.05103700005566,1697373167.583002,0.06263
48.70354699960444,1697373167.7651591,0.04727
50.01555399940116,1697373167.9656289,0.04876
43.49925700080348,1697373168.1596115,0.04207
67.8359929988801,1697373168.3841567,0.06515
70.56463599838025,1697373168.5866323,0.06668
67.36803900093946,1697373168.7838032,0.06319
57.733945999643765,1697373168.9744003,0.05384
66.648255000473,1697373169.182921,0.06385
58.89343499984534,1697373169.3748658,0.05489
65.59517099958612,1697373169.5824287,0.06162
39.435135999156046,1697373169.7550786,0.03816
41.13720199893578,1697373169.9576933,0.03970
48.633387001245865,1697373170.164839,0.04721
59.28561799919407,1697373170.3754137,0.05690
67.7906629989593,1697373170.5840266,0.06436
64.52714700026263,1697373170.7805352,0.05932
58.251593000022694,1697373170.9748201,0.05399
68.22258200008946,1697373171.1847506,0.06544
66.61429300038435,1697373171.3832607,0.06243
70.89253699996334,1697373171.5870993,0.06641
50.06428100023186,1697373171.7666352,0.04835
12.370243000987102,1697373171.9284854,0.01092
49.47148300016124,1697373172.1656585,0.04805
12.417466999977478,1697373172.3284614,0.01121
66.09862799996336,1697373172.582352,0.06205
67.76679799986596,1697373172.784139,0.06380
57.06660200121405,1697373172.9733126,0.05268
67.52290000076755,1697373173.183839,0.06413
54.66420300035679,1697373173.3711236,0.05161
62.42819699946267,1697373173.5784829,0.05820
53.13349800053402,1697373173.7692518,0.05135
47.08817599930626,1697373173.9628482,0.04550
48.884198999076034,1697373174.1651983,0.04734
48.861979999855976,1697373174.3653264,0.04675
63.28532199950132,1697373174.5794935,0.05869
66.22150400107785,1697373174.7826393,0.06288
70.44224300079804,1697373174.987095,0.06583
66.23748099991644,1697373175.1821756,0.06166
66.26730100106215,1697373175.3824623,0.06204
66.96262900004513,1697373175.5833173,0.06157
64.27643300048658,1697373175.7807949,0.05996
48.31775799902971,1697373175.9647307,0.04706
40.44066599999496,1697373176.1565511,0.03922
45.71206699984032,1697373176.3617413,0.04441
70.16240200027823,1697373176.5861268,0.06637
66.66885599952366,1697373176.782815,0.06315
66.76306600093085,1697373176.9827564,0.06290
45.96991899961722,1697373177.1627617,0.04212
63.61026599915931,1697373177.3803594,0.05973
61.381777999486076,1697373177.5775707,0.05860
42.02394799904141,1697373177.758553,0.03930
48.15247999977146,1697373177.9642735,0.04640
47.12399799973355,1697373178.1628594,0.04555
49.51428999993368,1697373178.3658452,0.04801
49.46082099922933,1697373178.5652633,0.04711
67.60338499952923,1697373178.7836144,0.06379
71.10542000009445,1697373178.987784,0.06733
67.1392759995797,1697373179.1838765,0.06340
65.28714799969748,1697373179.3823094,0.06056
61.59779900008289,1697373179.5785997,0.05698
69.52916699992784,1697373179.7860785,0.06608
47.432543000468286,1697373179.9636505,0.04584
45.25627099974372,1697373180.1613736,0.04380
47.08328200104006,1697373180.3629222,0.04590
43.225539000559365,1697373180.559083,0.04076
64.94933199974184,1697373180.7813025,0.06003
65.98470599965367,1697373180.9823983,0.06214
67.7750869999727,1697373181.1840577,0.06451
60.69116899925575,1697373181.3769264,0.05748
43.37315400152875,1697373181.5598927,0.04055
57.05261200091627,1697373181.7737315,0.05337
55.39286999919568,1697373181.9721267,0.05258
49.554004001038265,1697373182.1657252,0.04809
16.525576000276487,1697373182.3327756,0.01519
47.40234800010512,1697373182.5636268,0.04585
64.8288969987334,1697373182.7812853,0.05893
64.27424600042286,1697373182.980785,0.06006
64.9042240002018,1697373183.181658,0.06087
63.74607499856211,1697373183.380443,0.05970
69.24643399906927,1697373183.5856125,0.06475
65.45236799865961,1697373183.7822635,0.06160
65.74820800051384,1697373183.9821699,0.06090
48.40261500066845,1697373184.1651294,0.04716
49.304101999950944,1697373184.3659105,0.04783
44.97743699903367,1697373184.5613437,0.04364
62.327697000000626,1697373184.7789326,0.05750
56.42918900048244,1697373184.9727054,0.05088
63.592279999284074,1697373185.1802638,0.06076
65.78089799950249,1697373185.38225,0.06173
63.05909099864948,1697373185.5793178,0.06047
63.83140499929141,1697373185.7807207,0.05967
62.834403999659116,1697373185.9800344,0.05852
49.62489000172354,1697373186.1654525,0.04807
44.58558599981188,1697373186.360482,0.04341
48.394994000773295,1697373186.5642414,0.04707
52.54269899887731,1697373186.7690406,0.05096
60.8420370008389,1697373186.9778533,0.05707
45.28141199989477,1697373187.162029,0.04206
67.99536300059117,1697373187.3844519,0.06463
63.84992899984354,1697373187.5803382,0.05965
69.32251500074926,1697373187.7862322,0.06515
65.5524379999406,1697373187.981932,0.06118
51.78585999965435,1697373188.1686773,0.04598
48.37651200068649,1697373188.3644965,0.04712
44.826938001278904,1697373188.56107,0.04336
42.68632599996636,1697373188.759463,0.03984
67.92513000073086,1697373188.9844084,0.06325
65.14046200027224,1697373189.181534,0.06110
65.99706599990895,1697373189.3826072,0.06213
67.31971000044723,1697373189.5837874,0.06428
66.67002600079286,1697373189.7834468,0.06029
64.3512919996283,1697373189.9807413,0.06048
68.43698699958622,1697373190.1852403,0.06313
44.59455600044748,1697373190.3614426,0.04313
50.70884700035094,1697373190.566638,0.04950
48.94023700035177,1697373190.7649982,0.04772
68.02332599909278,1697373190.984292,0.06432
63.92373100061377,1697373191.1801746,0.06074
66.42331799957901,1697373191.3826451,0.06221
64.60811999932048,1697373191.5812695,0.06082
66.24258900046698,1697373191.782478,0.06236
48.10836700016807,1697373191.9650393,0.04575
64.57913399935933,1697373192.1815846,0.06049
42.10008699919854,1697373192.358073,0.04063
44.200939000802464,1697373192.5607455,0.04256
46.6705250000814,1697373192.7629101,0.04512
56.75829100073315,1697373192.9735348,0.05397
65.8480160000181,1697373193.1823955,0.06197
68.41331199939304,1697373193.3848245,0.06393
54.93012099941552,1697373193.5717492,0.05109
55.503417999716476,1697373193.7722878,0.05158
70.4803759999777,1697373193.9868283,0.06658
59.78599199988821,1697373194.1766157,0.05567
51.608218000183115,1697373194.36823,0.04849
52.38732999896456,1697373194.5691261,0.05082
47.507313998721656,1697373194.7641144,0.04601
63.350508999064914,1697373194.979503,0.06049
69.84185299916135,1697373195.1862283,0.06666
66.53699300113658,1697373195.3827338,0.06273
65.88539499898616,1697373195.5828266,0.06148
64.22263300009945,1697373195.781056,0.06045
69.67453199831652,1697373195.986676,0.06348
64.89534499996807,1697373196.1815856,0.06108
53.88924200087786,1697373196.3702555,0.05090
45.48969600000419,1697373196.5623045,0.04386
50.56627100020705,1697373196.7673433,0.04908
48.29371199957677,1697373196.9650974,0.04705
46.77307699967059,1697373197.16355,0.04413
66.18836899906455,1697373197.3833046,0.06093
65.80384399967443,1697373197.5821717,0.06133
66.45478300015384,1697373197.7836907,0.06261
67.57418499910273,1697373197.9841936,0.06335
65.2825759989355,1697373198.1822546,0.06252
65.5422380004893,1697373198.3818233,0.06253
45.33014600019669,1697373198.5616403,0.04397
46.86518000016804,1697373198.7629962,0.04562
39.99983900030202,1697373198.9565926,0.03868
54.7880880003504,1697373199.171717,0.05209
68.49619599961443,1697373199.3853197,0.06469
68.31078200048069,1697373199.5846946,0.06389
55.72370200025034,1697373199.7722855,0.05297
61.108530000637984,1697373199.9782195,0.05801
69.13016900034563,1697373200.1860902,0.06608
41.92550199877587,1697373200.3588014,0.03906
44.72371400152042,1697373200.5613868,0.04194
38.78710500066518,1697373200.7557013,0.03744
42.45138999976916,1697373200.9586468,0.04114
13.104867999572889,1697373201.1294878,0.01192
63.50373099849094,1697373201.379708,0.06039
65.35238700053014,1697373201.5819788,0.06124
64.24810600037745,1697373201.7812295,0.06041
62.432568998701754,1697373201.979376,0.05901
68.9247409991367,1697373202.186253,0.06469
64.64437599970552,1697373202.3811593,0.06068
67.43136700060859,1697373202.5841672,0.06485
39.764866000041366,1697373202.7564044,0.03850
15.702799999417039,1697373202.9324749,0.01457
43.13138799989247,1697373203.1599767,0.04140
66.4014470003167,1697373203.3829122,0.06285
68.25806699998793,1697373203.5849264,0.06391
66.6856829993776,1697373203.783373,0.06212
65.64807499853487,1697373203.9826903,0.06181
64.61824899997737,1697373204.1820126,0.06055
63.814099001319846,1697373204.3806236,0.05892
55.84085900045466,1697373204.5732217,0.05165
54.45836500075529,1697373204.771352,0.05299
49.91234900080599,1697373204.9666,0.04848
49.09774299994751,1697373205.166078,0.01118
65.7654000006005,1697373205.382057,0.06262
67.63099399904604,1697373205.5843735,0.06284
62.96202399971662,1697373205.780091,0.05804
66.88077899889322,1697373205.9837081,0.06363
65.47572999988915,1697373206.1828237,0.06173
60.45403899952362,1697373206.3771858,0.05667
55.15243000081682,1697373206.5720837,0.05225
38.38425399953849,1697373206.7552404,0.03670
48.4495609998703,1697373206.965094,0.04722
47.322726000857074,1697373207.1637633,0.04604
64.81517099928169,1697373207.381596,0.06229
69.54704799863975,1697373207.5869834,0.06559
67.55651599996781,1697373207.7842114,0.06425
57.88577000021178,1697373207.9748037,0.05378
68.90346999898611,1697373208.1854746,0.06477
48.90098300165846,1697373208.3658965,0.04582
48.925880999377114,1697373208.565751,0.04547
55.473725999036105,1697373208.7728868,0.04975
47.59813300006499,1697373208.963841,0.04614
46.9184720004705,1697373209.1641245,0.04568
52.042162998986896,1697373209.368639,0.04986
60.20002199875307,1697373209.577595,0.05542
67.46215800012578,1697373209.785072,0.06336
66.09412599937059,1697373209.9827988,0.06330
66.79705300120986,1697373210.1843085,0.06194
65.04939700062096,1697373210.382157,0.06103
63.55860399889934,1697373210.5804281,0.05948
72.05460899967875,1697373210.789146,0.06910
12.158159999671625,1697373210.9287384,0.01096
40.66012899966154,1697373211.1580176,0.03913
45.30411799896683,1697373211.3616912,0.04388
54.25064799965185,1697373211.5714474,0.05103
68.91665200055286,1697373211.7860284,0.06507
58.12754299950029,1697373211.974698,0.05557
56.97006700029306,1697373212.1742878,0.05412
64.77536900092673,1697373212.3816597,0.06137
61.18119500024477,1697373212.5786376,0.05728
47.102874999836786,1697373212.764436,0.04351
42.6311800001713,1697373212.9592075,0.04135
40.79162100060785,1697373213.1573834,0.03925
44.41034899900842,1697373213.3612928,0.04289
68.95573899964802,1697373213.5855234,0.06601
66.2237409997033,1697373213.7833924,0.06176
67.9524390016013,1697373213.984986,0.06420
64.53244899967103,1697373214.1811135,0.06108
56.98123399997712,1697373214.373807,0.05439
66.51381899973785,1697373214.5835457,0.06319
58.112291000725236,1697373214.7753553,0.05498
48.20865399960894,1697373214.9650338,0.04630
49.53372400086664,1697373215.165935,0.04808
44.071842999983346,1697373215.3613565,0.04268
44.41818700070144,1697373215.5613222,0.04250
62.84085699917341,1697373215.7800508,0.05829
59.07424799988803,1697373215.9756176,0.05692
62.72125799841888,1697373216.179933,0.05896
48.35009899943543,1697373216.364966,0.04554
65.9569420004118,1697373216.5825543,0.06214
61.04686399885395,1697373216.7784088,0.05684
51.09596599868382,1697373216.9680655,0.04828
48.21878700022353,1697373217.16477,0.04694
40.569793000031495,1697373217.3578851,0.03928
47.4822750002204,1697373217.563839,0.04616
69.18283499908284,1697373217.7867453,0.06463
62.68151999938709,1697373217.980108,0.05894
55.65232800108788,1697373218.172305,0.05274
61.94108199997572,1697373218.379228,0.05834
63.73192899991409,1697373218.5805192,0.05956
64.15062400083116,1697373218.7817373,0.06036
57.96671700045408,1697373218.9754102,0.05480
13.560547000452061,1697373219.1301372,0.01196
42.58147699874826,1697373219.359069,0.04096
49.564557999474346,1697373219.566079,0.04833
67.94497000009869,1697373219.7847626,0.06415
67.49198900070041,1697373219.9843235,0.06260
68.88525800059142,1697373220.1862545,0.06481
63.5300570011168,1697373220.3806758,0.06088
67.51430800068192,1697373220.585178,0.06361
63.05100200006564,1697373220.780058,0.05926
54.96857599973737,1697373220.9719126,0.05210
44.491726001069765,1697373221.161517,0.04278
45.15720800009149,1697373221.362126,0.04388
48.760846999357454,1697373221.565345,0.04732
59.929500999714946,1697373221.776647,0.05687
63.05839400010882,1697373221.9804723,0.06056
61.37906200092402,1697373222.178787,0.05737
62.29780100147764,1697373222.379098,0.05802
62.07580699992832,1697373222.5796285,0.05832
69.1306850003457,1697373222.7861974,0.06617
62.87005800004408,1697373222.9799342,0.06031
50.101863000236335,1697373223.166805,0.04612
48.53027799981646,1697373223.3658495,0.04714
46.19825300142111,1697373223.5629396,0.04490
48.376423999798135,1697373223.7656155,0.04670
65.96014500064484,1697373223.983377,0.06197
65.26244199994835,1697373224.182541,0.06047
64.78497799980687,1697373224.3822293,0.06175
64.68640899947786,1697373224.581878,0.06081
70.03298200106656,1697373224.7874184,0.06600
65.9264030000486,1697373224.9833374,0.06120
65.46650099880935,1697373225.1827679,0.06148
50.0456360005046,1697373225.3665872,0.04851
48.078394000185654,1697373225.5651498,0.04685
48.550582001553266,1697373225.7655628,0.04719
46.826152998619364,1697373225.9642572,0.04395
61.68374499975471,1697373226.1790857,0.05723
71.57718800044677,1697373226.3890748,0.06714
68.39134199981345,1697373226.5854278,0.06492
51.26512500100944,1697373226.7698107,0.04815
66.96298099996056,1697373226.9837708,0.06216
63.28384099833784,1697373227.1809676,0.05942
45.639469999514404,1697373227.3623195,0.04407
47.64333999992232,1697373227.5647626,0.04608
41.5459589985403,1697373227.7587986,0.03994
57.717838000826305,1697373227.9748142,0.05483
64.16162399909808,1697373228.1818616,0.05933
66.03498900039995,1697373228.3829262,0.06202
66.06284900044557,1697373228.5829198,0.06298
55.85139100003289,1697373228.772719,0.05268
62.62811300075555,1697373228.9801245,0.05812
66.5016969996941,1697373229.1835501,0.06298
46.89494500053115,1697373229.3636234,0.04443
44.61931300102151,1697373229.561724,0.04324
19.720614998732344,1697373229.736917,0.01843
64.95746499967936,1697373229.982342,0.06242
68.80385699878389,1697373230.1861393,0.06585
68.5272390001046,1697373230.385604,0.06353
60.48128899965377,1697373230.578157,0.05569
65.66847800058895,1697373230.7826,0.06144
50.15908200039121,1697373230.9674444,0.04759
65.36138000046776,1697373231.1827776,0.06124
57.3359320005693,1697373231.374158,0.05399
49.7589179994975,1697373231.5663788,0.04832
47.62136099998315,1697373231.7644367,0.04632
19.14436900005967,1697373231.9360716,0.01788
66.96827700034191,1697373232.1838412,0.06419
63.3788060004008,1697373232.3801053,0.06031
68.08418400032679,1697373232.5853748,0.06499
66.07817700023588,1697373232.7834535,0.06227
51.115363001372316,1697373232.968365,0.04931
57.836366999254096,1697373233.175025,0.05337
70.95742300043639,1697373233.3879173,0.06820
47.72115600098914,1697373233.5650778,0.04646
16.83174099889584,1697373233.7334034,0.01499
12.26960600070015,1697373233.9291708,0.01097
63.07101500169665,1697373234.180326,0.06002
69.24998599970422,1697373234.3869147,0.06576
43.37772700091591,1697373234.5601635,0.04034
67.22186799925112,1697373234.7846146,0.06322
64.59432799965725,1697373234.9821677,0.06081
68.04272399858746,1697373235.1853392,0.06447
63.77086000065901,1697373235.3813896,0.05930
48.21975300001213,1697373235.5648782,0.04677
48.97959099980653,1697373235.7663152,0.04762
19.26692500092031,1697373235.935966,0.01802
17.94527599849971,1697373236.1346788,0.01647
66.92220600052678,1697373236.3843992,0.06346
64.11541699890222,1697373236.581749,0.06012
56.58059599954868,1697373236.7741902,0.05292
45.05554800016398,1697373236.9623775,0.04122
65.59300600019924,1697373237.1832533,0.06184
63.24730799860845,1697373237.3807466,0.05950
45.1236089993472,1697373237.5623977,0.04387
49.69632500069565,1697373237.7671475,0.04824
44.493180999779725,1697373237.9611218,0.04298
56.02033899958769,1697373238.1732912,0.05360
54.86522600040189,1697373238.3723083,0.05048
60.33174199910718,1697373238.578133,0.05551
51.117376000547665,1697373238.768147,0.04830
62.41316600062419,1697373238.9796293,0.05840
68.57347899858723,1697373239.1859372,0.06419
64.20919899937871,1697373239.3812757,0.05967
67.06279400168569,1697373239.5844514,0.06292
45.08266300035757,1697373239.7621343,0.04377
43.63941800147586,1697373239.9612293,0.04229
46.93693700028234,1697373240.1636143,0.04563
65.10839000111446,1697373240.3824053,0.06185
39.82700100095826,1697373240.557131,0.03689
68.80167700001039,1697373240.7859597,0.06464
65.94308499916224,1697373240.9829237,0.06200
63.06860099903133,1697373241.1808658,0.05931
65.89003199951549,1697373241.3837383,0.06151
64.66935699972964,1697373241.582363,0.06199
44.442709999202634,1697373241.7618217,0.04318
47.877770999548375,1697373241.9651456,0.04664
46.503929001119104,1697373242.1641235,0.04524
72.16586699905747,1697373242.3894331,0.06791
63.50516000020434,1697373242.580975,0.05948
67.30131599942979,1697373242.784349,0.06341
68.10734800092177,1697373242.9854994,0.06425
67.36807800007227,1697373243.1850328,0.06398
68.51004300006025,1697373243.3858175,0.06409
65.81862500024727,1697373243.5836973,0.06134
50.97700099940994,1697373243.7683642,0.04790
50.96791799951461,1697373243.967706,0.04963
47.05844999989495,1697373244.164259,0.04562
39.95925100025488,1697373244.3575618,0.03868
60.82640100066783,1697373244.5782413,0.05633
57.129795000946615,1697373244.774204,0.05540
66.58269499894232,1697373244.9835706,0.06379
62.20493500040902,1697373245.179861,0.05754
65.25618100022257,1697373245.3826714,0.06069
46.84188700048253,1697373245.5645108,0.04205
62.62042200069118,1697373245.7800841,0.05888
48.753541999758454,1697373245.9664087,0.04687
48.63892800130998,1697373246.1654906,0.04729
46.31399899881217,1697373246.3632805,0.04474
65.16152100084582,1697373246.5821524,0.06242
56.238904000565526,1697373246.7733483,0.05324
52.144582999972044,1697373246.969403,0.04959
