response_time,timestamp,duration,task
1338.924448005855,1697831862.9113002,1.32875,grep
1519.4243006408215,1697831864.6318438,1.51433,word_count
1192.1003088355064,1697831865.8244915,1.18743,summarize
42.54326969385147,1697831865.867557,0.03800,grep
30.207728035748005,1697831866.056054,0.02538,word_count
30.173744075000286,1697831866.2563255,0.02523,summarize
48.71037043631077,1697831866.474182,0.04346,grep
25.910569354891777,1697831866.6511312,0.02124,word_count
32.71682094782591,1697831866.8586724,0.02690,summarize
41.16824548691511,1697831867.0670497,0.03631,grep
31.755801290273666,1697831867.257812,0.02678,word_count
28.698213398456573,1697831867.4544804,0.02453,summarize
43.53048373013735,1697831867.6689694,0.03898,grep
31.94556199014187,1697831867.8572185,0.02762,word_count
30.977747403085232,1697831868.056338,0.02578,summarize
37.561407312750816,1697831868.2630806,0.03312,grep
29.92128673940897,1697831868.4560235,0.02538,word_count
30.362087301909924,1697831868.656505,0.02537,summarize
43.0877348408103,1697831868.8689148,0.03782,grep
25.59065632522106,1697831869.051553,0.02107,word_count
33.55338238179684,1697831869.2591548,0.02911,summarize
35.64192354679108,1697831869.4617887,0.03129,grep
28.761555440723896,1697831869.6546075,0.02430,word_count
28.504622168838978,1697831869.854499,0.02428,summarize
44.22116931527853,1697831870.069953,0.03370,grep
28.477362357079983,1697831870.2543643,0.02357,word_count
30.587627552449703,1697831870.4560974,0.02593,summarize
43.352250941097736,1697831870.669473,0.03894,grep
27.584350667893887,1697831870.8530056,0.02341,word_count
31.554042361676693,1697831871.0576005,0.02723,summarize
38.75366039574146,1697831871.2641282,0.03443,grep
29.241754673421383,1697831871.4553456,0.02498,word_count
31.152885407209396,1697831871.6565335,0.02600,summarize
42.04045049846172,1697831871.8682404,0.03752,grep
32.38021768629551,1697831872.0587158,0.02743,word_count
31.701622530817986,1697831872.2579393,0.02727,summarize
46.502746641635895,1697831872.4724636,0.04199,grep
28.65380048751831,1697831872.6540475,0.02414,word_count
24.33296199887991,1697831872.850395,0.02021,summarize
38.757286965847015,1697831873.0641072,0.03452,grep
26.303933933377266,1697831873.2524252,0.02195,word_count
27.34385058283806,1697831873.4528518,0.02275,summarize
38.449184037745,1697831873.6644435,0.03378,grep
29.04970571398735,1697831873.854488,0.02418,word_count
31.356501393020153,1697831874.0570016,0.02573,summarize
45.836866833269596,1697831874.2721303,0.04037,grep
30.989748425781727,1697831874.4564238,0.02604,word_count
28.027724474668503,1697831874.653604,0.02322,summarize
44.16949115693569,1697831874.8699608,0.04006,grep
22.376115433871746,1697831875.04831,0.01827,word_count
33.56414660811424,1697831875.2589102,0.02941,summarize
46.28298617899418,1697831875.4722302,0.04210,grep
28.35530787706375,1697831875.6546159,0.02385,word_count
30.45738209038973,1697831875.8562107,0.02594,summarize
39.712898433208466,1697831876.0660565,0.03511,grep
28.977653943002224,1697831876.2548828,0.02478,word_count
27.67967339605093,1697831876.4536474,0.02253,summarize
41.341161355376244,1697831876.6670592,0.03693,grep
25.337737053632736,1697831876.8514616,0.02089,word_count
29.462561011314392,1697831877.0550306,0.02486,summarize
41.737210005521774,1697831877.2678795,0.03709,grep
26.34214423596859,1697831877.4521616,0.02166,word_count
31.850269995629787,1697831877.6578135,0.02755,summarize
38.37125655263662,1697831877.8639429,0.03411,grep
28.206259943544865,1697831878.053955,0.02395,word_count
27.036646381020546,1697831878.252875,0.02273,summarize
40.44937063008547,1697831878.4662488,0.03585,grep
26.4709098264575,1697831878.6528034,0.02191,word_count
29.27106712013483,1697831878.8549418,0.02390,summarize
43.42544358223677,1697831879.0692518,0.03852,grep
23.903694935142994,1697831879.2499845,0.01960,word_count
32.067558728158474,1697831879.457702,0.02787,summarize
42.317905463278294,1697831879.6688037,0.03803,grep
29.25382647663355,1697831879.8548641,0.02480,word_count
31.620786525309086,1697831880.057348,0.02684,summarize
43.49590931087732,1697831880.2697802,0.03739,grep
30.44264018535614,1697831880.4560702,0.02542,word_count
26.722739450633526,1697831880.652686,0.02211,summarize
44.624543748795986,1697831880.871168,0.03984,grep
28.453038074076176,1697831881.0543852,0.02403,word_count
26.99114102870226,1697831881.2534318,0.02215,summarize
38.96661568433046,1697831881.4652958,0.03407,grep
29.703629203140736,1697831881.6558316,0.02461,word_count
33.16071629524231,1697831881.8588514,0.02864,summarize
39.00068812072277,1697831882.0646274,0.03463,grep
28.731774538755417,1697831882.2551215,0.02444,word_count
32.12893567979336,1697831882.4581084,0.02725,summarize
39.77983444929123,1697831882.665788,0.03517,grep
26.6447551548481,1697831882.8530052,0.02224,word_count
30.013101175427437,1697831883.0565429,0.02545,summarize
42.01657231897116,1697831883.2685108,0.03748,grep
24.98557697981596,1697831883.451286,0.02048,word_count
30.04769328981638,1697831883.656181,0.02552,summarize
41.73825867474079,1697831883.8677962,0.03616,grep
32.32463821768761,1697831884.0588126,0.02664,word_count
29.850060120224953,1697831884.2556005,0.02516,summarize
42.94939525425434,1697831884.4693174,0.03904,grep
28.33086345344782,1697831884.6544683,0.02350,word_count
28.56676373630762,1697831884.855016,0.02381,summarize
40.147832594811916,1697831885.0661552,0.03542,grep
25.354698300361633,1697831885.2513993,0.02044,word_count
28.071650303900242,1697831885.454632,0.02305,summarize
38.328131660819054,1697831885.6640964,0.03375,grep
27.310476638376713,1697831885.8532834,0.02265,word_count
34.560020081698895,1697831886.0602055,0.02974,summarize
43.64257398992777,1697831886.2699153,0.03808,grep
31.539137475192547,1697831886.4579756,0.02717,word_count
29.916254803538322,1697831886.6559727,0.02508,summarize
42.69127082079649,1697831886.8688352,0.03775,grep
33.48104748874903,1697831887.0599737,0.02879,word_count
31.020532362163067,1697831887.2571273,0.02641,summarize
44.269598089158535,1697831887.4704769,0.03972,grep
25.125357322394848,1697831887.6514251,0.02029,word_count
31.323292292654514,1697831887.857914,0.02675,summarize
40.841746143996716,1697831888.0664852,0.03642,grep
32.5893871486187,1697831888.259157,0.02809,word_count
31.12998977303505,1697831888.4573479,0.02676,summarize
42.03011468052864,1697831888.6684618,0.03681,grep
28.736896812915802,1697831888.8552654,0.02395,word_count
37.91436832398176,1697831889.0643399,0.03302,summarize
44.83523406088352,1697831889.2712948,0.04036,grep
25.30770655721426,1697831889.4514854,0.02065,word_count
30.761919915676117,1697831889.6573632,0.02585,summarize
44.53924298286438,1697831889.8710594,0.03971,grep
27.94831059873104,1697831890.0535908,0.02341,word_count
31.818575225770473,1697831890.258521,0.02744,summarize
41.710615158081055,1697831890.468326,0.03694,grep
31.185904517769814,1697831890.6576393,0.02616,word_count
26.581072248518467,1697831890.8533492,0.02180,summarize
45.64910940825939,1697831891.072021,0.04013,grep
28.348220512270927,1697831891.254418,0.02364,word_count
26.605285704135895,1697831891.4522996,0.02241,summarize
38.393596187233925,1697831891.664744,0.03389,grep
25.62797348946333,1697831891.851469,0.02100,word_count
33.36999099701643,1697831892.05926,0.02892,summarize
42.08289831876755,1697831892.2685444,0.03717,grep
29.826813377439976,1697831892.4564514,0.02509,word_count
31.46983403712511,1697831892.6580784,0.02673,summarize
37.2757064178586,1697831892.863485,0.03271,grep
27.100264094769955,1697831893.05283,0.02299,word_count
27.4992436170578,1697831893.2534447,0.02303,summarize
46.678523533046246,1697831893.4732523,0.04116,grep
24.707507342100143,1697831893.6510944,0.01964,word_count
29.41848337650299,1697831893.8556173,0.02488,summarize
38.245731964707375,1697831894.0643156,0.03368,grep
28.934218920767307,1697831894.255388,0.02482,word_count
27.462170459330082,1697831894.453619,0.02385,summarize
40.72659648954868,1697831894.6673136,0.03632,grep
29.16683815419674,1697831894.8554795,0.02477,word_count
31.82392008602619,1697831895.0582333,0.02746,summarize
45.190378092229366,1697831895.2715771,0.04059,grep
27.677019126713276,1697831895.4543803,0.02307,word_count
26.85532532632351,1697831895.652811,0.02275,summarize
45.55810987949371,1697831895.8715565,0.04034,grep
34.792158752679825,1697831896.0614145,0.03002,word_count
32.45945647358894,1697831896.2589736,0.02818,summarize
40.04214331507683,1697831896.4660592,0.03555,grep
27.317604050040245,1697831896.6537654,0.02267,word_count
27.681956999003887,1697831896.8545113,0.02324,summarize
38.11420686542988,1697831897.0646913,0.03132,grep
25.007862597703934,1697831897.2518022,0.02007,word_count
30.69320786744356,1697831897.4566832,0.02588,summarize
41.59076698124409,1697831897.6683843,0.03676,grep
23.9107608795166,1697831897.8501456,0.01924,word_count
28.549361042678356,1697831898.054359,0.02148,summarize
44.98241562396288,1697831898.2714288,0.04040,grep
29.732891358435154,1697831898.4561846,0.02533,word_count
28.614753857254982,1697831898.6549249,0.02403,summarize
43.19967608898878,1697831898.8692682,0.03832,grep
29.045497998595238,1697831899.055424,0.02439,word_count
30.197327956557274,1697831899.256802,0.02517,summarize
50.880374386906624,1697831899.4777784,0.04344,grep
26.873741298913956,1697831899.653774,0.02189,word_count
27.202514000236988,1697831899.854317,0.02267,summarize
37.385194562375546,1697831900.0637305,0.03296,grep
25.116872042417526,1697831900.2510931,0.02020,word_count
29.39843386411667,1697831900.4556088,0.02461,summarize
39.34102412313223,1697831900.666091,0.03347,grep
27.35097985714674,1697831900.8536038,0.02268,word_count
28.543801978230476,1697831901.055295,0.02380,summarize
40.371403098106384,1697831901.2668357,0.03560,grep
27.497162111103535,1697831901.4542587,0.02323,word_count
26.98528580367565,1697831901.6530898,0.02233,summarize
44.70031335949898,1697831901.870929,0.03980,grep
28.01909390836954,1697831902.0540626,0.02302,word_count
33.325886353850365,1697831902.2603016,0.02823,summarize
41.384234093129635,1697831902.4678464,0.03666,grep
28.598458506166935,1697831902.6545858,0.02386,word_count
32.18814451247454,1697831902.8589063,0.02751,summarize
40.1609567925334,1697831903.0661936,0.03513,grep
28.743205592036247,1697831903.2549982,0.02356,word_count
29.23567406833172,1697831903.4554136,0.02427,summarize
42.09868796169758,1697831903.6686358,0.03722,grep
25.952870957553387,1697831903.852706,0.02120,word_count
27.803809382021427,1697831904.0546486,0.02301,summarize
40.909609757363796,1697831904.2671077,0.03599,grep
27.832835912704468,1697831904.4539397,0.02304,word_count
29.689948074519634,1697831904.6557093,0.02516,summarize
41.54639318585396,1697831904.8683252,0.03679,grep
33.461669459939,1697831905.0597956,0.02890,word_count
32.005393877625465,1697831905.2581944,0.02739,summarize
39.679454639554024,1697831905.465862,0.03503,grep
34.500692039728165,1697831905.6612973,0.02965,word_count
25.700030848383904,1697831905.8519533,0.02131,summarize
46.11542262136936,1697831906.0722196,0.04100,grep
26.003957726061344,1697831906.2531617,0.02037,word_count
31.74378350377083,1697831906.4579866,0.02697,summarize
40.98175000399351,1697831906.667551,0.03630,grep
31.420298852026463,1697831906.8579767,0.02668,word_count
31.172151677310467,1697831907.057421,0.02607,summarize
38.66568673402071,1697831907.2648551,0.03344,grep
29.107920825481415,1697831907.455165,0.02408,word_count
28.364610858261585,1697831907.6547415,0.02311,summarize
44.79243513196707,1697831907.871733,0.03978,grep
27.90078055113554,1697831908.0547462,0.02188,word_count
28.84671464562416,1697831908.2549791,0.02434,summarize
40.03642778843641,1697831908.4668639,0.03573,grep
27.25684456527233,1697831908.6540704,0.02278,word_count
33.53100176900625,1697831908.8596404,0.02913,summarize
44.196708127856255,1697831909.07094,0.03946,grep
30.129559338092804,1697831909.257046,0.02520,word_count
31.79167862981558,1697831909.4583457,0.02692,summarize
38.671908900141716,1697831909.6649714,0.03455,grep
25.510801002383232,1697831909.8525028,0.02115,word_count
29.590030200779438,1697831910.0563092,0.02432,summarize
43.58209203928709,1697831910.2699819,0.03891,grep
25.90616699308157,1697831910.4521425,0.02160,word_count
29.786367900669575,1697831910.6559093,0.02552,summarize
47.27477487176657,1697831910.874216,0.04255,grep
30.314835719764233,1697831911.0565984,0.02554,word_count
31.812156550586224,1697831911.2580798,0.02760,summarize
45.254748314619064,1697831911.4713864,0.04066,grep
32.44839981198311,1697831911.6588888,0.02798,word_count
26.563746854662895,1697831911.8535635,0.02207,summarize
49.46801532059908,1697831912.076069,0.04493,grep
30.27674648910761,1697831912.2570615,0.02564,word_count
31.02440945804119,1697831912.4571266,0.02678,summarize
40.51641467958689,1697831912.666665,0.03547,grep
30.994636937975883,1697831912.8577101,0.02644,word_count
32.063730992376804,1697831913.0588243,0.02759,summarize
40.430561639368534,1697831913.267064,0.03586,grep
29.551801271736622,1697831913.4555695,0.02535,word_count
36.20385006070137,1697831913.6628385,0.03147,summarize
44.783647172152996,1697831913.8718166,0.03987,grep
28.54156866669655,1697831914.0554798,0.02349,word_count
30.261073261499405,1697831914.2564285,0.02541,summarize
41.29840154200792,1697831914.4677546,0.03653,grep
32.39546250551939,1697831914.6588478,0.02756,word_count
32.813021913170815,1697831914.8596632,0.02828,summarize
45.430876314640045,1697831915.0722363,0.04050,grep
28.49387563765049,1697831915.2550583,0.02354,word_count
29.93905544281006,1697831915.4562318,0.02510,summarize
42.98825562000275,1697831915.6693788,0.03816,grep
33.55638310313225,1697831915.8601015,0.02855,word_count
28.672724962234497,1697831916.0547695,0.02421,summarize
44.198138639330864,1697831916.270903,0.03994,grep
23.42813555151224,1697831916.4503012,0.01908,word_count
34.47933867573738,1697831916.6614342,0.02938,summarize
47.38379456102848,1697831916.8738418,0.03781,grep
28.8101639598608,1697831917.05586,0.02381,word_count
31.12595807760954,1697831917.257932,0.02641,summarize
39.783164858818054,1697831917.4669218,0.03399,grep
27.59068552404642,1697831917.6544886,0.02257,word_count
35.012517124414444,1697831917.861437,0.03099,summarize
43.54585148394108,1697831918.070024,0.03899,grep
26.941525749862194,1697831918.2539065,0.02203,word_count
29.74451519548893,1697831918.4569447,0.02463,summarize
41.16363637149334,1697831918.6683257,0.03607,grep
24.810995906591415,1697831918.850967,0.02017,word_count
35.44827364385128,1697831919.0625787,0.03040,summarize
47.91063163429499,1697831919.2745357,0.04313,grep
29.718671925365925,1697831919.4562004,0.02524,word_count
32.24688582122326,1697831919.6585774,0.02766,summarize
42.06890147179365,1697831919.868715,0.03731,grep
31.21911082416773,1697831920.0579925,0.02584,word_count
28.859452344477177,1697831920.2550805,0.02445,summarize
45.55531404912472,1697831920.4726784,0.04101,grep
27.415717020630836,1697831920.654156,0.02241,word_count
36.477512679994106,1697831920.8635314,0.03177,summarize
45.85203342139721,1697831921.0725555,0.04089,grep
29.316174797713757,1697831921.2560308,0.02455,word_count
31.63380827754736,1697831921.4588695,0.02637,summarize
49.431661143898964,1697831921.6765273,0.04401,grep
27.04982738941908,1697831921.8537807,0.02181,word_count
28.583453968167305,1697831922.0555959,0.02340,summarize
40.09348899126053,1697831922.2673337,0.03386,grep
25.54908860474825,1697831922.4519174,0.02097,word_count
32.01363142579794,1697831922.658914,0.02775,summarize
42.40468330681324,1697831922.8694446,0.03749,grep
25.55688936263323,1697831923.051809,0.02090,word_count
32.16076549142599,1697831923.25902,0.02768,summarize
42.92031563818455,1697831923.4701698,0.03750,grep
29.41297832876444,1697831923.6558616,0.02408,word_count
32.17632602900267,1697831923.8592787,0.02684,summarize
45.15154752880335,1697831924.071654,0.03986,grep
26.82830486446619,1697831924.2532742,0.02223,word_count
35.92003136873245,1697831924.4631617,0.03114,summarize
50.170996226370335,1697831924.6765392,0.04496,grep
27.284052222967148,1697831924.8539984,0.02157,word_count
32.06674475222826,1697831925.0593283,0.02729,summarize
41.81438218802214,1697831925.2684455,0.03648,grep
28.744632378220558,1697831925.455367,0.02367,word_count
32.975029200315475,1697831925.6595688,0.02804,summarize
39.945351891219616,1697831925.8666458,0.03539,grep
36.766559816896915,1697831926.0635989,0.03171,word_count
27.259323745965958,1697831926.254047,0.02272,summarize
43.012822046875954,1697831926.470211,0.03839,grep
26.91443543881178,1697831926.6531801,0.02135,word_count
29.1244862601161,1697831926.8554258,0.02389,summarize
38.20349555462599,1697831927.06466,0.03378,grep
29.3415617197752,1697831927.256424,0.02522,word_count
29.704105108976364,1697831927.4569843,0.02505,summarize
40.285409428179264,1697831927.6671264,0.03576,grep
27.669822797179222,1697831927.854535,0.02343,word_count
31.25899378210306,1697831928.05859,0.02692,summarize
39.49215542525053,1697831928.265889,0.03552,grep
27.499308809638023,1697831928.4541276,0.02321,word_count
30.406413599848747,1697831928.6573865,0.02574,summarize
43.72742772102356,1697831928.8710148,0.03884,grep
25.177352130413055,1697831929.0519602,0.02053,word_count
31.777428463101387,1697831929.2581732,0.02709,summarize
42.42727067321539,1697831929.46939,0.03710,grep
27.161908335983753,1697831929.6543217,0.02286,word_count
31.071243807673454,1697831929.8581626,0.02644,summarize
44.2812517285347,1697831930.0713727,0.03813,grep
29.52162455767393,1697831930.2568567,0.02425,word_count
32.127697952091694,1697831930.4593,0.02703,summarize
46.32457159459591,1697831930.6736248,0.04136,grep
26.316670700907707,1697831930.8537295,0.02156,word_count
29.001655988395214,1697831931.0555048,0.02457,summarize
39.63612765073776,1697831931.2669535,0.03526,grep
27.813931927084923,1697831931.4544346,0.02251,word_count
31.052060425281525,1697831931.658416,0.02573,summarize
40.091139264404774,1697831931.8674483,0.03479,grep
27.68394723534584,1697831932.0542836,0.02280,word_count
30.945376493036747,1697831932.258158,0.02566,summarize
39.89057522267103,1697831932.4670177,0.03517,grep
27.35793124884367,1697831932.6540942,0.02306,word_count
29.312833212316036,1697831932.8561378,0.02505,summarize
40.216848254203796,1697831933.0672054,0.03552,grep
24.042867124080658,1697831933.2511485,0.01919,word_count
29.160605743527412,1697831933.4557655,0.02442,summarize
42.196210473775864,1697831933.6689641,0.03665,grep
31.237776391208172,1697831933.8581195,0.02586,word_count
32.565442845225334,1697831934.0595195,0.02763,summarize
36.41281835734844,1697831934.263789,0.03177,grep
29.287826269865036,1697831934.4559355,0.02440,word_count
27.052021585404873,1697831934.6539419,0.02257,summarize
41.61897487938404,1697831934.8685505,0.03730,grep
30.518717132508755,1697831935.0578072,0.02613,word_count
30.099207535386086,1697831935.2567935,0.02584,summarize
39.31497782468796,1697831935.4667506,0.03510,grep
27.410785667598248,1697831935.6545153,0.02311,word_count
31.576518900692463,1697831935.858124,0.02693,summarize
38.87708950787783,1697831936.0661237,0.03411,grep
27.805238030850887,1697831936.2547984,0.02307,word_count
28.994198888540268,1697831936.456151,0.02471,summarize
40.264309383928776,1697831936.6674047,0.03593,grep
26.83775033801794,1697831936.854014,0.02171,word_count
27.98332180827856,1697831937.054729,0.02358,summarize
40.669563226401806,1697831937.267499,0.03586,grep
29.155012220144272,1697831937.4557693,0.02448,word_count
32.25870430469513,1697831937.6588833,0.02772,summarize
38.74514531344175,1697831937.8658383,0.03393,grep
29.411117546260357,1697831938.056282,0.02478,word_count
36.68395057320595,1697831938.2640395,0.03195,summarize
40.75437691062689,1697831938.468065,0.03558,grep
27.872299775481224,1697831938.655006,0.02315,word_count
27.222049422562122,1697831938.8542762,0.02283,summarize
38.41729089617729,1697831939.0657616,0.03390,grep
26.29117202013731,1697831939.2531612,0.02100,word_count
29.984690248966217,1697831939.4568517,0.02559,summarize
41.169727221131325,1697831939.668023,0.03649,grep
27.999053709208965,1697831939.8552072,0.02314,word_count
29.52597290277481,1697831940.0568898,0.02477,summarize
35.18545348197222,1697831940.262083,0.03105,grep
29.442201368510723,1697831940.4561815,0.02467,word_count
35.719744861125946,1697831940.6631749,0.02974,summarize
42.965359054505825,1697831940.8706584,0.03725,grep
24.571921676397324,1697831941.0513158,0.01981,word_count
27.67440490424633,1697831941.2552023,0.02250,summarize
44.565978460013866,1697831941.4721758,0.03895,grep
29.438726603984833,1697831941.6568644,0.02331,word_count
32.961731776595116,1697831941.8596961,0.02813,summarize
39.98421784490347,1697831942.0668952,0.03500,grep
32.22971688956022,1697831942.259243,0.02797,word_count
29.002120718359947,1697831942.455835,0.02491,summarize
35.44172178953886,1697831942.6622136,0.03127,grep
25.82810539752245,1697831942.853107,0.02123,word_count
28.27923372387886,1697831943.055611,0.02315,summarize
44.92456652224064,1697831943.2718177,0.03961,grep
23.20586610585451,1697831943.44991,0.01842,word_count
33.52911025285721,1697831943.660719,0.02815,summarize
37.7334738150239,1697831943.8647032,0.03237,grep
27.971234172582626,1697831944.0547342,0.02327,word_count
30.41743580251932,1697831944.2572505,0.02583,summarize
44.4451067596674,1697831944.4717698,0.03946,grep
31.994414515793324,1697831944.658961,0.02692,word_count
27.213907800614834,1697831944.8544114,0.02196,summarize
40.07219336926937,1697831945.0677342,0.03484,grep
25.437504053115845,1697831945.2525015,0.02074,word_count
26.815433986485004,1697831945.4543154,0.02266,summarize
37.616089917719364,1697831945.6648889,0.03323,grep
23.921716958284378,1697831945.8508565,0.01921,word_count
30.331142246723175,1697831946.0574417,0.02566,summarize
44.79703959077597,1697831946.2724454,0.03705,grep
32.323130406439304,1697831946.459584,0.02737,word_count
34.72515847533941,1697831946.661575,0.02928,summarize
39.89225905388594,1697831946.867648,0.03542,grep
26.310655288398266,1697831947.0538864,0.02200,word_count
30.10375425219536,1697831947.257026,0.02578,summarize
46.3594663888216,1697831947.4730995,0.04198,grep
27.559400536119938,1697831947.6546874,0.02275,word_count
36.6709940135479,1697831947.8635423,0.03162,summarize
45.38365639746189,1697831948.0732052,0.04024,grep
31.785489059984684,1697831948.2591157,0.02679,word_count
30.97004536539316,1697831948.4585955,0.02598,summarize
40.40166921913624,1697831948.668087,0.03487,grep
29.7541506588459,1697831948.8569121,0.02494,word_count
27.519434690475464,1697831949.054492,0.02293,summarize
42.43900068104267,1697831949.2700326,0.03757,grep
29.36684712767601,1697831949.4564254,0.02449,word_count
29.62878067046404,1697831949.6570296,0.02493,summarize
43.86688955128193,1697831949.8709548,0.03889,grep
25.560632348060608,1697831950.0525331,0.02081,word_count
29.66075763106346,1697831950.257025,0.02479,summarize
38.244713097810745,1697831950.465635,0.03399,grep
30.387742444872856,1697831950.6579633,0.02609,word_count
31.45147766917944,1697831950.8584924,0.02667,summarize
43.21724362671375,1697831951.070854,0.03814,grep
28.451272286474705,1697831951.2554681,0.02254,word_count
32.39809907972813,1697831951.4593728,0.02735,summarize
41.81051068007946,1697831951.669419,0.03653,grep
28.48944067955017,1697831951.8561513,0.02149,word_count
30.7768527418375,1697831952.0580451,0.02604,summarize
41.38074163347483,1697831952.2685602,0.03479,grep
30.54125513881445,1697831952.4577615,0.02495,word_count
28.304154984652996,1697831952.6559942,0.02390,summarize
36.0356867313385,1697831952.8629842,0.03144,grep
28.095456771552563,1697831953.0552232,0.02321,word_count
27.71554235368967,1697831953.2551765,0.02278,summarize
44.12928782403469,1697831953.4715464,0.03910,grep
28.011934831738472,1697831953.6555543,0.02343,word_count
27.86292415112257,1697831953.8555112,0.02326,summarize
40.47704115509987,1697831954.0682526,0.03531,grep
28.72613165527582,1697831954.2562382,0.02392,word_count
31.694822944700718,1697831954.4590807,0.02704,summarize
39.01543840765953,1697831954.666089,0.03480,grep
26.465258561074734,1697831954.8535044,0.02219,word_count
28.875633142888546,1697831955.056444,0.02406,summarize
38.38281147181988,1697831955.2660205,0.03339,grep
28.554767370224,1697831955.4555085,0.02445,word_count
31.622939743101597,1697831955.6591578,0.02704,summarize
45.820276252925396,1697831955.873079,0.04055,grep
24.321407079696655,1697831956.051598,0.01885,word_count
29.358476400375366,1697831956.2570047,0.02491,summarize
42.34388191252947,1697831956.4693418,0.03794,grep
28.644409030675888,1697831956.6555154,0.02407,word_count
29.97638564556837,1697831956.8576143,0.02548,summarize
38.290214724838734,1697831957.0660357,0.03376,grep
27.09207870066166,1697831957.2543828,0.02252,word_count
27.553527615964413,1697831957.454944,0.02266,summarize
40.14922305941582,1697831957.6676245,0.03598,grep
26.56327374279499,1697831957.8541548,0.02236,word_count
29.208648949861526,1697831958.0563083,0.02512,summarize
41.817265562713146,1697831958.2691934,0.03738,grep
26.911240071058273,1697831958.4541812,0.02160,word_count
29.778875410556793,1697831958.6569507,0.02493,summarize
38.09707146137953,1697831958.8650289,0.03385,grep
26.84038784354925,1697831959.05383,0.02210,word_count
30.751200392842293,1697831959.2579112,0.02542,summarize
38.26990723609924,1697831959.4655058,0.03319,grep
26.936260052025318,1697831959.6546896,0.02254,word_count
30.842016451060772,1697831959.8585122,0.02554,summarize
44.19391229748726,1697831960.0719109,0.03890,grep
24.451129138469696,1697831960.2515533,0.01979,word_count
31.656987965106964,1697831960.4593346,0.02693,summarize
37.1592165902257,1697831960.664979,0.03248,grep
28.545198030769825,1697831960.8564103,0.02391,word_count
32.3476092889905,1697831961.0598147,0.02800,summarize
44.86774932593107,1697831961.2727795,0.04042,grep
28.897146694362164,1697831961.456744,0.02420,word_count
29.562117531895638,1697831961.6571486,0.02361,summarize
49.834330566227436,1697831961.8771183,0.04462,grep
28.426887467503548,1697831962.055631,0.02375,word_count
27.357464656233788,1697831962.255123,0.02265,summarize
40.37955030798912,1697831962.4683204,0.03497,grep
27.507739141583443,1697831962.6547177,0.02263,word_count
34.20223016291857,1697831962.862115,0.02914,summarize
42.660098522901535,1697831963.0698872,0.03714,grep
33.322230912745,1697831963.2603207,0.02852,word_count
36.43455170094967,1697831963.463751,0.03197,summarize
40.25919735431671,1697831963.667695,0.03544,grep
27.50298287719488,1697831963.8553386,0.02220,word_count
29.639583081007004,1697831964.057095,0.02468,summarize
45.09254079312086,1697831964.2723768,0.03996,grep
25.67389700561762,1697831964.4530702,0.02110,word_count
30.856294557452202,1697831964.6583884,0.02565,summarize
44.23422273248434,1697831964.8717923,0.03917,grep
29.892790131270885,1697831965.056832,0.02513,word_count
30.541175976395607,1697831965.2583714,0.02639,summarize
39.59932364523411,1697831965.4668775,0.03560,grep
27.19318587332964,1697831965.654107,0.02285,word_count
31.300460919737816,1697831965.8584626,0.02649,summarize
47.50391561537981,1697831966.0751998,0.04222,grep
26.44523698836565,1697831966.2539341,0.02149,word_count
28.071884997189045,1697831966.4551833,0.02326,summarize
40.07556475698948,1697831966.6676497,0.03533,grep
25.055193342268467,1697831966.8527613,0.02036,word_count
29.465309344232082,1697831967.0572648,0.02487,summarize
41.56402684748173,1697831967.2695155,0.03658,grep
31.323982402682304,1697831967.4588437,0.02677,word_count
32.71834831684828,1697831967.6596966,0.02843,summarize
45.894697308540344,1697831967.873734,0.04060,grep
27.896462939679623,1697831968.0557234,0.02324,word_count
32.63070993125439,1697831968.2605114,0.02779,summarize
38.84844947606325,1697831968.466399,0.03409,grep
23.46972655504942,1697831968.650572,0.01930,word_count
30.46331647783518,1697831968.8581169,0.02593,summarize
40.85510317236185,1697831969.068022,0.03631,grep
29.177523218095303,1697831969.2562761,0.02501,word_count
32.1018872782588,1697831969.4592924,0.02729,summarize
41.38760827481747,1697831969.6688552,0.03662,grep
29.30669579654932,1697831969.8572192,0.02450,word_count
29.737455770373344,1697831970.0569582,0.02496,summarize
44.9654133990407,1697831970.2720127,0.04035,grep
25.665429420769215,1697831970.4527757,0.01974,word_count
29.466580599546432,1697831970.6571865,0.02582,summarize
38.56836073100567,1697831970.8657737,0.03424,grep
26.69645007699728,1697831971.0545335,0.02195,word_count
30.6579926982522,1697831971.2584329,0.02556,summarize
39.10553548485041,1697831971.4663804,0.03463,grep
28.335094451904297,1697831971.6561246,0.02422,word_count
32.466620206832886,1697831971.8596938,0.02794,summarize
37.83495258539915,1697831972.0656374,0.03327,grep
25.652457028627396,1697831972.2533557,0.02134,word_count
27.33933087438345,1697831972.454807,0.02289,summarize
39.70011230558157,1697831972.6667645,0.03444,grep
26.31258498877287,1697831972.8541756,0.02133,word_count
30.894393101334572,1697831973.0581443,0.02618,summarize
40.24471528828144,1697831973.2674167,0.03587,grep
28.90015486627817,1697831973.4563708,0.02445,word_count
35.16099322587252,1697831973.6632023,0.02952,summarize
40.007347241044044,1697831973.867361,0.03503,grep
29.090420342981815,1697831974.0565903,0.02418,word_count
29.570085927844048,1697831974.2573524,0.02531,summarize
46.53025604784489,1697831974.473719,0.04211,grep
22.23445288836956,1697831974.6501493,0.01775,word_count
29.939627274870872,1697831974.8572025,0.02509,summarize
38.75476773828268,1697831975.066072,0.03420,grep
30.08305188268423,1697831975.2571704,0.02507,word_count
32.862297259271145,1697831975.4600806,0.02870,summarize
36.93095222115517,1697831975.6647534,0.03214,grep
28.847011737525463,1697831975.8568244,0.02258,word_count
28.895116411149502,1697831976.0561888,0.02380,summarize
37.87839040160179,1697831976.2653577,0.03292,grep
26.66409034281969,1697831976.4540424,0.02169,word_count
26.31589211523533,1697831976.6543117,0.02130,summarize
46.278251335024834,1697831976.8744574,0.04082,grep
27.23959181457758,1697831977.0544896,0.02000,word_count
35.122767090797424,1697831977.2625294,0.03025,summarize
44.19809207320213,1697831977.471655,0.03913,grep
32.88433700799942,1697831977.6604285,0.02782,word_count
29.079299420118332,1697831977.856797,0.02441,summarize
39.959512650966644,1697831978.0676122,0.03537,grep
26.670324616134167,1697831978.2541523,0.02166,word_count
30.73692135512829,1697831978.4588237,0.02575,summarize
42.58109349757433,1697831978.6702359,0.03787,grep
24.48043040931225,1697831978.8525343,0.01973,word_count
31.600022688508034,1697831979.0589914,0.02693,summarize
41.092281229794025,1697831979.2690203,0.03625,grep
30.565399676561356,1697831979.4579573,0.02550,word_count
32.08932187408209,1697831979.660013,0.02711,summarize
37.96938993036747,1697831979.8658686,0.03327,grep
29.687631875276566,1697831980.0579011,0.02489,word_count
26.58445853739977,1697831980.2543008,0.02226,summarize
44.50694564729929,1697831980.4725401,0.04025,grep
31.168483197689056,1697831980.6594257,0.02659,word_count
32.70326927304268,1697831980.8609636,0.02800,summarize
48.51968307048082,1697831981.076403,0.04350,grep
29.905828647315502,1697831981.2582574,0.02467,word_count
31.418961472809315,1697831981.4595866,0.02628,summarize
43.32189820706844,1697831981.670823,0.03839,grep
29.116814024746418,1697831981.8566413,0.02504,word_count
29.460654594004154,1697831982.0570388,0.02536,summarize
37.10972052067518,1697831982.264956,0.03237,grep
25.9145125746727,1697831982.453724,0.02037,word_count
27.221200056374073,1697831982.6548576,0.02226,summarize
36.8166733533144,1697831982.8645794,0.03213,grep
26.077745482325554,1697831983.0534887,0.02124,word_count
29.173425398766994,1697831983.2571082,0.02448,summarize
36.549574695527554,1697831983.4644172,0.03249,grep
30.34422919154167,1697831983.6585114,0.02592,word_count
38.04751671850681,1697831983.8663263,0.03317,summarize
42.90378838777542,1697831984.0711858,0.03778,grep
32.15561527758837,1697831984.2599034,0.02697,word_count
30.29821254312992,1697831984.4581392,0.02463,summarize
44.916559010744095,1697831984.6730778,0.03981,grep
28.767493553459644,1697831984.8569338,0.02336,word_count
26.239442639052868,1697831985.0542524,0.02155,summarize
45.770175755023956,1697831985.2741904,0.04092,grep
26.65816992521286,1697831985.4546416,0.02206,word_count
27.645322494208813,1697831985.655354,0.02320,summarize
36.09609790146351,1697831985.863674,0.03154,grep
29.72401212900877,1697831986.0572076,0.02486,word_count
32.43699297308922,1697831986.2607012,0.02565,summarize
38.986191153526306,1697831986.4667733,0.03401,grep
28.970281593501568,1697831986.656544,0.02391,word_count
29.706468805670738,1697831986.857808,0.02476,summarize
44.04514096677303,1697831987.0720117,0.03906,grep
27.15249452739954,1697831987.2550204,0.02168,word_count
32.46948774904013,1697831987.460639,0.02780,summarize
43.035535141825676,1697831987.6708822,0.03805,grep
27.142555452883244,1697831987.8550828,0.02265,word_count
28.71246263384819,1697831988.0569344,0.02374,summarize
38.46214059740305,1697831988.266525,0.03385,grep
28.43035850673914,1697831988.456608,0.02319,word_count
28.992941603064537,1697831988.6567755,0.02429,summarize
39.95299059897661,1697831988.8681233,0.03511,grep
25.813008658587933,1697831989.0540035,0.02120,word_count
29.193430207669735,1697831989.2573755,0.02463,summarize
43.12580544501543,1697831989.4706066,0.03842,grep
27.907731011509895,1697831989.655548,0.02248,word_count
26.686949655413628,1697831989.8541374,0.02186,summarize
38.126484490931034,1697831990.0664008,0.03306,grep
29.4354734942317,1697831990.2570229,0.02435,word_count
27.11808681488037,1697831990.4552376,0.02234,summarize
38.16407732665539,1697831990.6659954,0.03377,grep
25.696342810988426,1697831990.853722,0.02113,word_count
32.64583460986614,1697831991.060542,0.02736,summarize
41.14117193967104,1697831991.2690368,0.03601,grep
24.861940182745457,1697831991.4528897,0.02054,word_count
30.345380306243896,1697831991.658403,0.02503,summarize
37.812113761901855,1697831991.8662002,0.03297,grep
28.773587197065353,1697831992.0569532,0.02361,word_count
30.441630631685257,1697831992.258411,0.02595,summarize
40.78426863998175,1697831992.4693153,0.03558,grep
29.77491356432438,1697831992.658176,0.02466,word_count
28.393840417265892,1697831992.856475,0.02277,summarize
46.92409932613373,1697831993.074625,0.04171,grep
26.388755068182945,1697831993.254216,0.02144,word_count
28.16793229430914,1697831993.4565356,0.02307,summarize
35.43772455304861,1697831993.6631458,0.03029,grep
26.582524180412292,1697831993.8547888,0.02165,word_count
32.87924826145172,1697831994.060745,0.02793,summarize
46.38151545077562,1697831994.2744455,0.04093,grep
37.977321073412895,1697831994.4656494,0.03211,word_count
34.92832649499178,1697831994.662765,0.02966,summarize
41.03523679077625,1697831994.8688693,0.03597,grep
28.48745882511139,1697831995.0563936,0.02356,word_count
28.57453841716051,1697831995.25626,0.02318,summarize
44.424970634281635,1697831995.472905,0.03919,grep
22.862412966787815,1697831995.650796,0.01815,word_count
30.70031013339758,1697831995.8583627,0.02506,summarize
38.0035936832428,1697831996.0666268,0.03294,grep
27.810032479465008,1697831996.2554755,0.02328,word_count
31.03519044816494,1697831996.4595356,0.02620,summarize
39.751794189214706,1697831996.6675699,0.03443,grep
28.279580175876617,1697831996.8566892,0.02276,word_count
28.01673114299774,1697831997.0561402,0.02340,summarize
42.646992951631546,1697831997.2710109,0.03729,grep
25.312102399766445,1697831997.4535885,0.02007,word_count
31.273766420781612,1697831997.658934,0.02650,summarize
36.11358720809221,1697831997.8639812,0.03166,grep
34.13768392056227,1697831998.062104,0.02916,word_count
28.94521690905094,1697831998.2572415,0.02414,summarize
46.93904705345631,1697831998.475316,0.04170,grep
30.893941409885883,1697831998.6592405,0.02616,word_count
31.02830331772566,1697831998.8592188,0.02634,summarize
41.17909539490938,1697831999.0697162,0.03540,grep
26.395214721560478,1697831999.254382,0.02131,word_count
29.866172932088375,1697831999.4583573,0.02445,summarize
38.388898596167564,1697831999.6669605,0.03345,grep
24.111411534249783,1697831999.8523922,0.01913,word_count
32.42748975753784,1697832000.061049,0.02718,summarize
42.637632228434086,1697832000.2707708,0.03790,grep
31.59317560493946,1697832000.4593978,0.02710,word_count
29.71273846924305,1697832000.6582563,0.02470,summarize
41.52952507138252,1697832000.8694375,0.03649,grep
33.14525820314884,1697832001.06087,0.02801,word_count
32.79654774814844,1697832001.261094,0.02728,summarize
48.05592354387045,1697832001.4762588,0.04260,grep
25.41901543736458,1697832001.653843,0.01944,word_count
29.2819794267416,1697832001.8571403,0.02483,summarize
40.73770344257355,1697832002.0689795,0.03576,grep
28.812077827751637,1697832002.2570763,0.02370,word_count
36.41545493155718,1697832002.4646258,0.03157,summarize
36.68694104999304,1697832002.664444,0.03158,grep
27.349826879799366,1697832002.8551831,0.02224,word_count
32.01876953244209,1697832003.0604177,0.02639,summarize
40.051331743597984,1697832003.2680104,0.03494,grep
25.7875919342041,1697832003.4538407,0.02125,word_count
29.614469967782497,1697832003.657674,0.02347,summarize
42.84092225134373,1697832003.8707328,0.03802,grep
29.092514887452126,1697832004.0569994,0.02376,word_count
31.440021470189095,1697832004.2597432,0.02611,summarize
43.28806325793266,1697832004.4710886,0.03851,grep
43.507713824510574,1697832004.6715143,0.03927,word_count
35.99552623927593,1697832004.8646216,0.03062,summarize
41.89708363264799,1697832005.0698905,0.03701,grep
32.97246154397726,1697832005.2608595,0.02860,word_count
33.452654257416725,1697832005.4614244,0.02840,summarize
41.97495989501476,1697832005.6705055,0.03729,grep
24.656006135046482,1697832005.8531158,0.02011,word_count
31.014650128781796,1697832006.05952,0.02643,summarize
43.63654088228941,1697832006.2722003,0.03920,grep
29.621943831443787,1697832006.4578042,0.02400,word_count
35.25113221257925,1697832006.663158,0.03045,summarize
39.34925515204668,1697832006.8675036,0.03369,grep
30.613884329795837,1697832007.058967,0.02611,word_count
29.131160117685795,1697832007.2573352,0.02407,summarize
46.22959438711405,1697832007.4743514,0.04162,grep
32.35439024865627,1697832007.6607122,0.02476,word_count
29.631437733769417,1697832007.8574338,0.02454,summarize
43.2684812694788,1697832008.0713809,0.03846,grep
28.080740943551064,1697832008.256592,0.02371,word_count
30.438276007771492,1697832008.459068,0.02585,summarize
41.658869944512844,1697832008.6698956,0.03683,grep
32.16703329235315,1697832008.8602004,0.02691,word_count
32.066063955426216,1697832009.0605204,0.02769,summarize
47.21324238926172,1697832009.2758164,0.04242,grep
30.210590921342373,1697832009.4581025,0.02536,word_count
31.455892138183117,1697832009.659525,0.02684,summarize
43.531423434615135,1697832009.872054,0.03895,grep
24.539394304156303,1697832010.0529852,0.01898,word_count
31.08334355056286,1697832010.2594018,0.02594,summarize
39.62945286184549,1697832010.468206,0.03477,grep
32.87533484399319,1697832010.6610525,0.02857,word_count
35.02692747861147,1697832010.8630083,0.03069,summarize
42.91745740920305,1697832011.0716329,0.03825,grep
28.512129560112953,1697832011.2572708,0.02248,word_count
28.00392545759678,1697832011.456316,0.02342,summarize
41.12329054623842,1697832011.6693609,0.03703,grep
27.31899544596672,1697832011.855762,0.02232,word_count
29.146060347557068,1697832012.057566,0.02459,summarize
41.46269243210554,1697832012.2700298,0.03690,grep
25.84458701312542,1697832012.4537592,0.02174,word_count
28.499867767095566,1697832012.657185,0.02427,summarize
37.90185693651438,1697832012.866024,0.03352,grep
30.51707800477743,1697832013.0587854,0.02557,word_count
32.20288548618555,1697832013.2601743,0.02692,summarize
43.939621187746525,1697832013.4724822,0.03903,grep
25.67129861563444,1697832013.6544154,0.01958,word_count
29.936376959085464,1697832013.8586493,0.02490,summarize
42.92667377740145,1697832014.071226,0.03766,grep
25.417097844183445,1697832014.2537768,0.02067,word_count
33.52113999426365,1697832014.4614782,0.02844,summarize
41.18485189974308,1697832014.6698215,0.03605,grep
30.4447952657938,1697832014.8582764,0.02569,word_count
29.38215434551239,1697832015.057261,0.02457,summarize
40.38156755268574,1697832015.2688365,0.03503,grep
29.771757312119007,1697832015.457769,0.02470,word_count
28.371479362249374,1697832015.6561754,0.02362,summarize
41.5923185646534,1697832015.8697362,0.03734,grep
25.656496174633503,1697832016.0539255,0.02088,word_count
28.72581034898758,1697832016.2567976,0.02298,summarize
39.066653698682785,1697832016.466964,0.03425,grep
24.660896509885788,1697832016.6527138,0.01996,word_count
30.61926458030939,1697832016.859464,0.02590,summarize
37.15288359671831,1697832017.065018,0.03298,grep
30.25475237518549,1697832017.2583396,0.02611,word_count
31.695357523858547,1697832017.4601486,0.02702,summarize
43.22289768606424,1697832017.671476,0.03846,grep
27.11005788296461,1697832017.8555021,0.02278,word_count
30.95091786235571,1697832018.0596688,0.02645,summarize
37.16961853206158,1697832018.2657692,0.03258,grep
24.698571301996708,1697832018.4534814,0.01960,word_count
29.974504373967648,1697832018.658147,0.02520,summarize
40.83964508026838,1697832018.869033,0.03648,grep
28.517987579107285,1697832019.0565312,0.02421,word_count
29.521881602704525,1697832019.2580884,0.02514,summarize
43.18193066865206,1697832019.4712257,0.03639,grep
29.843604192137718,1697832019.658175,0.02505,word_count
27.91338413953781,1697832019.8560922,0.02345,summarize
41.889265179634094,1697832020.070531,0.03745,grep
25.91591142117977,1697832020.2545736,0.02124,word_count
29.50221113860607,1697832020.4582474,0.02465,summarize
43.573073111474514,1697832020.6718056,0.03933,grep
38.86104095727205,1697832020.8677003,0.03366,word_count
31.089008785784245,1697832021.0593832,0.02628,summarize
45.557355508208275,1697832021.2740557,0.04093,grep
27.835999615490437,1697832021.4558861,0.02337,word_count
28.93664687871933,1697832021.657778,0.02453,summarize
38.81783876568079,1697832021.867614,0.03453,grep
26.941800490021706,1697832022.0552251,0.02227,word_count
28.300312347710133,1697832022.256682,0.02349,summarize
41.40516370534897,1697832022.470134,0.03690,grep
24.38613586127758,1697832022.6525383,0.02001,word_count
31.460974365472794,1697832022.860144,0.02687,summarize
40.4720613732934,1697832023.0686696,0.03583,grep
29.72459327429533,1697832023.258535,0.02438,word_count
29.92107253521681,1697832023.4585638,0.02506,summarize
38.34023606032133,1697832023.6669886,0.03343,grep
34.45010632276535,1697832023.8626344,0.02911,word_count
32.68988989293575,1697832024.0612755,0.02699,summarize
44.587746262550354,1697832024.2728665,0.04105,grep
22.72227592766285,1697832024.451216,0.01848,word_count
28.08173093944788,1697832024.6570241,0.02330,summarize
32.72592928260565,1697832024.8608723,0.02814,grep
25.898361578583717,1697832025.0541563,0.02142,word_count
30.764736235141754,1697832025.2590725,0.02590,summarize
38.96650206297636,1697832025.4671528,0.03439,grep
31.089618802070618,1697832025.6592906,0.02624,word_count
28.882467187941074,1697832025.8572803,0.02413,summarize
38.510081358253956,1697832026.0669045,0.03368,grep
26.31976269185543,1697832026.2542398,0.02163,word_count
29.954404570162296,1697832026.4590452,0.02525,summarize
39.64566998183727,1697832026.6685505,0.03491,grep
23.95479753613472,1697832026.8523161,0.01936,word_count
30.719062313437462,1697832027.0598884,0.02582,summarize
42.69054904580116,1697832027.2714329,0.03838,grep
33.15688017755747,1697832027.4612765,0.02891,word_count
30.560988001525402,1697832027.65957,0.02626,summarize
37.309857085347176,1697832027.865722,0.03279,grep
26.29287727177143,1697832028.0548325,0.02171,word_count
29.6265771612525,1697832028.2583265,0.02486,summarize
38.52293360978365,1697832028.4677029,0.03410,grep
24.810328148305416,1697832028.6533184,0.02024,word_count
29.850265942513943,1697832028.858042,0.02526,summarize
41.711559519171715,1697832029.0705466,0.03702,grep
28.41387875378132,1697832029.2567754,0.02392,word_count
29.47842236608267,1697832029.458005,0.02497,summarize
37.96045854687691,1697832029.6668136,0.03338,grep
27.75842696428299,1697832029.856364,0.02321,word_count
25.77873505651951,1697832030.0549195,0.02225,summarize
36.31065506488085,1697832030.2649648,0.03267,grep
29.546677134931087,1697832030.4583125,0.02414,word_count
32.14566130191088,1697832030.6613019,0.02728,summarize
36.97662055492401,1697832030.8660815,0.03260,grep
23.577825166285038,1697832031.0519743,0.01926,word_count
26.889261789619923,1697832031.255703,0.02266,summarize
35.21354403346777,1697832031.4637396,0.03070,grep
26.9610108807683,1697832031.6555183,0.02224,word_count
28.847466222941875,1697832031.8572512,0.02362,summarize
41.245605796575546,1697832032.0704308,0.03629,grep
27.30438020080328,1697832032.2555566,0.02265,word_count
31.650178134441376,1697832032.4601324,0.02695,summarize
45.4332809895277,1697832032.6743207,0.03874,grep
23.089966736733913,1697832032.8521235,0.01881,word_count
30.943534336984158,1697832033.0601552,0.02564,summarize
40.44066462665796,1697832033.2687337,0.03595,grep
28.730775229632854,1697832033.457181,0.02442,word_count
28.745189309120178,1697832033.6579533,0.02409,summarize
42.08072926849127,1697832033.8709085,0.03753,grep
34.50019937008619,1697832034.0632305,0.03034,word_count
32.45207387953997,1697832034.2616057,0.02726,summarize
45.298242941498756,1697832034.4741242,0.04064,grep
25.95710474997759,1697832034.6548696,0.02151,word_count
27.290803380310535,1697832034.8562813,0.02273,summarize
38.375161588191986,1697832035.0667548,0.03356,grep
27.731258422136307,1697832035.2569273,0.02237,word_count
28.948078863322735,1697832035.4579725,0.02465,summarize
46.01447191089392,1697832035.6750667,0.04103,grep
29.108842834830284,1697832035.8580031,0.02390,word_count
29.774267226457596,1697832036.0588396,0.02517,summarize
41.039870120584965,1697832036.2701955,0.03646,grep
23.861851543188095,1697832036.4529593,0.01953,word_count
28.95377203822136,1697832036.6578865,0.02457,summarize
36.47938184440136,1697832036.865344,0.03219,grep
26.370749808847904,1697832037.0547183,0.02172,word_count
39.53579533845186,1697832037.2681894,0.03224,summarize
44.665453024208546,1697832037.4730628,0.03988,grep
36.7689523845911,1697832037.6658406,0.03233,word_count
30.240601859986782,1697832037.859126,0.02491,summarize
38.23760338127613,1697832038.067328,0.03432,grep
29.33617029339075,1697832038.2582808,0.02448,word_count
26.71066951006651,1697832038.455048,0.02203,summarize
46.270908787846565,1697832038.6753695,0.04155,grep
28.00825610756874,1697832038.8564682,0.02346,word_count
30.346943996846676,1697832039.0589118,0.02551,summarize
37.763968110084534,1697832039.266426,0.03319,grep
26.702556759119034,1697832039.4550793,0.02221,word_count
29.812407679855824,1697832039.6589894,0.02533,summarize
39.90741726011038,1697832039.8690414,0.03528,grep
28.74469757080078,1697832040.0577655,0.02437,word_count
31.65973909199238,1697832040.260625,0.02685,summarize
44.34075020253658,1697832040.4729805,0.03986,grep
31.24474361538887,1697832040.660295,0.02629,word_count
29.648909345269203,1697832040.8580883,0.02485,summarize
40.47370981425047,1697832041.0697062,0.03581,grep
23.29447492957115,1697832041.2521608,0.01875,word_count
27.60945539921522,1697832041.4568284,0.02268,summarize
38.618866354227066,1697832041.667727,0.03395,grep
28.760435990989208,1697832041.8575075,0.02363,word_count
31.081093475222588,1697832042.0598254,0.02591,summarize
38.125570863485336,1697832042.2673228,0.03314,grep
31.32294211536646,1697832042.4598105,0.02628,word_count
27.18928549438715,1697832042.655967,0.02287,summarize
43.14223676919937,1697832042.872113,0.03858,grep
26.283718645572662,1697832043.0554726,0.02119,word_count
27.215562760829926,1697832043.2565005,0.02101,summarize
38.231583312153816,1697832043.4669452,0.03284,grep
26.832055300474167,1697832043.6553547,0.02113,word_count
34.20201875269413,1697832043.8628476,0.02895,summarize
42.095488868653774,1697832044.0714405,0.03725,grep
26.232276111841202,1697832044.2546318,0.02168,word_count
28.210180811583996,1697832044.4567647,0.02354,summarize
44.2220252007246,1697832044.6730657,0.03955,grep
28.81875354796648,1697832044.85785,0.02442,word_count
29.483092948794365,1697832045.0583642,0.02421,summarize
39.74372427910566,1697832045.2687695,0.03472,grep
24.565277621150017,1697832045.4534802,0.01903,word_count
31.739267520606518,1697832045.6603153,0.02633,summarize
41.513615287840366,1697832045.8704429,0.03690,grep
27.682969346642494,1697832046.056197,0.02271,word_count
30.57773131877184,1697832046.259705,0.02403,summarize
43.34579221904278,1697832046.472349,0.03843,grep
32.89335500448942,1697832046.6623921,0.02767,word_count
28.7939365953207,1697832046.8574386,0.02359,summarize
41.91222321242094,1697832047.0705955,0.03691,grep
24.865982122719288,1697832047.2539837,0.01957,word_count
33.70520379394293,1697832047.4627564,0.02899,summarize
36.65654920041561,1697832047.6653333,0.03255,grep
28.418785892426968,1697832047.8576977,0.02404,word_count
32.59827569127083,1697832048.061375,0.02630,summarize
45.31738441437483,1697832048.2742617,0.03723,grep
34.54730473458767,1697832048.46399,0.02926,word_count
32.12265856564045,1697832048.661334,0.02700,summarize
41.34524334222078,1697832048.8700347,0.03546,grep
27.08174753934145,1697832049.0561008,0.02239,word_count
29.51796166598797,1697832049.2588205,0.02484,summarize
39.945472963154316,1697832049.4688883,0.03523,grep
24.741457775235176,1697832049.6536005,0.02043,word_count
30.810785479843616,1697832049.8593676,0.02642,summarize
41.15444701164961,1697832050.0703175,0.03649,grep
30.96202202141285,1697832050.2593875,0.02594,word_count
28.72344385832548,1697832050.458025,0.02443,summarize
47.089760191738605,1697832050.676121,0.04257,grep
31.032681465148926,1697832050.860229,0.02636,word_count
30.83975613117218,1697832051.0602112,0.02593,summarize
41.9413186609745,1697832051.2713382,0.03741,grep
24.917906150221825,1697832051.4542572,0.02027,word_count
30.84093239158392,1697832051.660221,0.02589,summarize
37.6201868057251,1697832051.8669176,0.03297,grep
27.569319121539593,1697832052.056424,0.02309,word_count
32.05038607120514,1697832052.2610502,0.02764,summarize
39.662799797952175,1697832052.4686797,0.03513,grep
26.186440140008926,1697832052.6549325,0.02143,word_count
29.62604071944952,1697832052.8586798,0.02431,summarize
46.75155691802502,1697832053.0754068,0.04234,grep
26.39190386980772,1697832053.2555664,0.02190,word_count
29.843446798622608,1697832053.4585738,0.02480,summarize
37.67531178891659,1697832053.6663287,0.03279,grep
26.7633106559515,1697832053.8561518,0.02219,word_count
33.74613914638758,1697832054.062967,0.02872,summarize
42.10443142801523,1697832054.2713199,0.03728,grep
29.390244744718075,1697832054.458505,0.02493,word_count
30.177448876202106,1697832054.6587203,0.02563,summarize
39.77044206112623,1697832054.8686535,0.03493,grep
30.92510625720024,1697832055.0596416,0.02627,word_count
29.534230940043926,1697832055.2583263,0.02376,summarize
46.60243820399046,1697832055.4757085,0.04208,grep
24.219502694904804,1697832055.6529436,0.01952,word_count
31.573738902807236,1697832055.8605897,0.02690,summarize
42.3377500846982,1697832056.0709872,0.03770,grep
31.350750476121902,1697832056.2604067,0.02687,word_count
33.695245161652565,1697832056.4626112,0.02915,summarize
42.029076255857944,1697832056.6707249,0.03718,grep
28.754565864801407,1697832056.8576097,0.02350,word_count
28.279349207878113,1697832057.0570734,0.02291,summarize
39.312212727963924,1697832057.2686923,0.03418,grep
26.355470530688763,1697832057.4550624,0.02183,word_count
38.49770128726959,1697832057.6677732,0.03260,summarize
44.771953485906124,1697832057.8735502,0.04043,grep
26.319215074181557,1697832058.0557985,0.02164,word_count
30.255913734436035,1697832058.259291,0.02516,summarize
40.08514620363712,1697832058.469255,0.03493,grep
28.02075818181038,1697832058.6572769,0.02320,word_count
30.82451969385147,1697832058.8601363,0.02596,summarize
43.29243861138821,1697832059.072542,0.03866,grep
29.218084178864956,1697832059.2580664,0.02477,word_count
30.886149033904076,1697832059.459779,0.02599,summarize
41.837846860289574,1697832059.67071,0.03691,grep
23.81763607263565,1697832059.8525546,0.01922,word_count
30.187352560460567,1697832060.058815,0.02491,summarize
38.24865072965622,1697832060.2671373,0.03372,grep
27.592260390520096,1697832060.4566736,0.02331,word_count
29.722120612859726,1697832060.658955,0.02513,summarize
41.192565113306046,1697832060.8702688,0.03622,grep
29.659999534487724,1697832061.058974,0.02471,word_count
28.777973726391792,1697832061.2577665,0.02443,summarize
49.12450723350048,1697832061.4783018,0.04441,grep
26.445009745657444,1697832061.655809,0.02162,word_count
28.312506154179573,1697832061.8572118,0.02360,summarize
38.735044188797474,1697832062.0679958,0.03418,grep
26.348688639700413,1697832062.2555132,0.02142,word_count
30.052180401980877,1697832062.4596167,0.02482,summarize
47.73571249097586,1697832062.6765125,0.04283,grep
31.348183751106262,1697832062.8600545,0.02709,word_count
29.109127819538116,1697832063.058174,0.02455,summarize
40.46273697167635,1697832063.2696698,0.03614,grep
28.821462765336037,1697832063.4584386,0.02365,word_count
29.48117069900036,1697832063.6590118,0.02454,summarize
44.64598651975393,1697832063.8738632,0.03923,grep
26.59869659692049,1697832064.055354,0.02286,word_count
30.723965726792812,1697832064.2601283,0.02568,summarize
49.108113162219524,1697832064.4782856,0.04389,grep
28.278511948883533,1697832064.6575196,0.02407,word_count
33.20354223251343,1697832064.86188,0.02848,summarize
45.305526815354824,1697832065.0742774,0.04055,grep
34.933555871248245,1697832065.2643187,0.02993,word_count
26.349512860178947,1697832065.4555001,0.02160,summarize
45.64459528774023,1697832065.6751473,0.04100,grep
25.675911456346512,1697832065.854735,0.02141,word_count
28.97774428129196,1697832066.0578167,0.02400,summarize
37.18827199190855,1697832066.2661912,0.03201,grep
26.21647249907255,1697832066.4555626,0.02177,word_count
30.984369106590748,1697832066.6606221,0.02617,summarize
39.70152046531439,1697832066.8693764,0.03519,grep
31.43670503050089,1697832067.0604258,0.02584,word_count
32.63561800122261,1697832067.2622979,0.02666,summarize
39.31426163762808,1697832067.4684396,0.03428,grep
30.38940764963627,1697832067.6600537,0.02516,word_count
27.076996862888336,1697832067.8562617,0.02241,summarize
36.85515932738781,1697832068.0661292,0.03231,grep
27.273607440292835,1697832068.25657,0.02238,word_count
33.512028865516186,1697832068.4631474,0.02874,summarize
41.499716229736805,1697832068.6708403,0.03640,grep
29.726514592766762,1697832068.8587897,0.02431,word_count
33.67726132273674,1697832069.0627036,0.02831,summarize
42.89123136550188,1697832069.2717762,0.03763,grep
29.282597824931145,1697832069.4580877,0.02183,word_count
26.991032995283604,1697832069.6561966,0.02251,summarize
35.39426997303963,1697832069.8647585,0.03058,grep
26.075758039951324,1697832070.054967,0.02147,word_count
26.770200580358505,1697832070.2558522,0.02226,summarize
47.398000955581665,1697832070.47646,0.04242,grep
26.777098886668682,1697832070.6563547,0.02180,word_count
30.002622865140438,1697832070.859439,0.02522,summarize
39.700647816061974,1697832071.0692854,0.03489,grep
31.44905064254999,1697832071.2607253,0.02647,word_count
28.798199258744717,1697832071.4580278,0.02401,summarize
41.71559866517782,1697832071.670853,0.03727,grep
26.56459715217352,1697832071.8554573,0.02170,word_count
28.65493204444647,1697832072.058217,0.02365,summarize
42.21102874726057,1697832072.2716024,0.03765,grep
23.52225873619318,1697832072.4526346,0.01960,word_count
28.574694879353046,1697832072.6582248,0.02419,summarize
35.2677209302783,1697832072.8644276,0.03136,grep
27.985271997749805,1697832073.0573394,0.02377,word_count
30.46525362879038,1697832073.2599316,0.02561,summarize
40.076734498143196,1697832073.4693902,0.03558,grep
33.25123339891434,1697832073.662762,0.02850,word_count
27.185725048184395,1697832073.8561108,0.02216,summarize
39.59738928824663,1697832074.0688286,0.03457,grep
26.670552790164948,1697832074.2556255,0.02191,word_count
29.418623074889183,1697832074.4588366,0.02446,summarize
40.0700680911541,1697832074.6690092,0.03558,grep
26.127425953745842,1697832074.8552144,0.02138,word_count
37.2277470305562,1697832075.0665812,0.03260,summarize
46.90387845039368,1697832075.2765577,0.04263,grep
33.73710811138153,1697832075.4634767,0.02930,word_count
31.26869909465313,1697832075.6609015,0.02670,summarize
40.10466393083334,1697832075.8698726,0.03523,grep
27.280293405056,1697832076.0568986,0.02302,word_count
34.37323495745659,1697832076.264151,0.02964,summarize
43.471334502100945,1697832076.473487,0.03863,grep
24.547327309846878,1697832076.6538768,0.01972,word_count
29.017160646617413,1697832076.8587248,0.02398,summarize
36.72838490456343,1697832077.0662928,0.03216,grep
30.390093103051186,1697832077.2595518,0.02578,word_count
29.84646800905466,1697832077.4592414,0.02527,summarize
42.93268546462059,1697832077.6717575,0.03883,grep
26.066931895911694,1697832077.8555856,0.02159,word_count
28.748644515872,1697832078.0581808,0.02438,summarize
40.09199980646372,1697832078.269131,0.03571,grep
25.176001712679863,1697832078.4551427,0.02087,word_count
28.019053861498833,1697832078.6580167,0.02332,summarize
47.741455025970936,1697832078.8776467,0.03985,grep
26.812128722667694,1697832079.0562706,0.02195,word_count
30.32609075307846,1697832079.2594783,0.02554,summarize
46.953401528298855,1697832079.476563,0.04150,grep
27.541212737560272,1697832079.6568656,0.02329,word_count
30.908760614693165,1697832079.8603795,0.02669,summarize
38.305106572806835,1697832080.0674999,0.03369,grep
28.8712615147233,1697832080.258197,0.02421,word_count
28.683642856776714,1697832080.4587145,0.02399,summarize
40.192983113229275,1697832080.6697614,0.03548,grep
23.533864878118038,1697832080.853114,0.01904,word_count
32.329280860722065,1697832081.0623064,0.02856,summarize
43.11886057257652,1697832081.2723122,0.03869,grep
30.30048031359911,1697832081.4594212,0.02543,word_count
32.05802105367184,1697832081.6613271,0.02758,summarize
38.63723389804363,1697832081.8677893,0.03372,grep
26.08573902398348,1697832082.0556226,0.02185,word_count
29.593058861792088,1697832082.2593539,0.02511,summarize
43.9571775496006,1697832082.4731627,0.03938,grep
26.267439126968384,1697832082.6558783,0.01981,word_count
30.779533088207245,1697832082.8608425,0.02640,summarize
34.60505325347185,1697832083.0645897,0.02993,grep
29.991870746016502,1697832083.259542,0.02472,word_count
27.772587724030018,1697832083.4573648,0.02327,summarize
42.462555691599846,1697832083.671752,0.03723,grep
31.443226151168346,1697832083.8610897,0.02586,word_count
29.257120564579964,1697832084.0583892,0.02477,summarize
40.87515827268362,1697832084.2704113,0.03607,grep
29.510706663131714,1697832084.4589667,0.02440,word_count
28.272523544728756,1697832084.6578686,0.02352,summarize
43.17435622215271,1697832084.8723826,0.03753,grep
28.063367120921612,1697832085.0572453,0.02346,word_count
31.438235193490982,1697832085.260724,0.02699,summarize
42.0052045956254,1697832085.4717166,0.03752,grep
27.754463255405426,1697832085.657752,0.02296,word_count
28.025804087519646,1697832085.8578665,0.02352,summarize
47.596972435712814,1697832086.0776255,0.04294,grep
29.7347791492939,1697832086.2588124,0.02484,word_count
30.325896106660366,1697832086.4601152,0.02623,summarize
40.49299564212561,1697832086.66992,0.03577,grep
23.78402091562748,1697832086.8537824,0.01904,word_count
28.71090918779373,1697832087.058639,0.02429,summarize
54.37153298407793,1697832087.2841322,0.05002,grep
29.17006891220808,1697832087.4591105,0.02459,word_count
36.15722432732582,1697832087.6662297,0.03117,summarize
42.14897472411394,1697832087.8715339,0.03750,grep
28.472543694078922,1697832088.058017,0.02400,word_count
28.459545224905014,1697832088.258587,0.02357,summarize
37.809561006724834,1697832088.4675314,0.03315,grep
28.898431919515133,1697832088.6585593,0.02469,word_count
29.707297682762146,1697832088.8592763,0.02517,summarize
41.5619146078825,1697832089.0708137,0.03684,grep
26.697500608861446,1697832089.2566092,0.02209,word_count
33.338059671223164,1697832089.4627647,0.02901,summarize
39.942873641848564,1697832089.6698194,0.03573,grep
28.290250338613987,1697832089.8580737,0.02389,word_count
29.578687623143196,1697832090.0596628,0.02488,summarize
38.21531869471073,1697832090.2679253,0.03389,grep
26.54528897255659,1697832090.45595,0.02217,word_count
29.269282706081867,1697832090.65861,0.02449,summarize
44.619995169341564,1697832090.8743243,0.04002,grep
26.253010146319866,1697832091.055527,0.02198,word_count
30.729674734175205,1697832091.2603455,0.02599,summarize
41.47933982312679,1697832091.4709406,0.03728,grep
28.54073978960514,1697832091.6576674,0.02433,word_count
33.7149566039443,1697832091.86337,0.02909,summarize
42.523507960140705,1697832092.0718532,0.03831,grep
32.47711528092623,1697832092.262334,0.02791,word_count
28.73769775032997,1697832092.4581041,0.02411,summarize
45.02974171191454,1697832092.6747403,0.04049,grep
27.966813184320927,1697832092.8577309,0.02338,word_count
35.237167961895466,1697832093.0650399,0.03053,summarize
41.816530749201775,1697832093.2720065,0.03710,grep
25.626322254538536,1697832093.4555824,0.02123,word_count
30.46117816120386,1697832093.6601672,0.02591,summarize
40.839700028300285,1697832093.8710794,0.03584,grep
29.818993993103504,1697832094.059917,0.02514,word_count
28.445187024772167,1697832094.2586143,0.02450,summarize
43.63459534943104,1697832094.4731765,0.03853,grep
29.35149986296892,1697832094.6591394,0.02468,word_count
30.673456378281116,1697832094.8607807,0.02619,summarize
46.841892413794994,1697832095.0770607,0.04145,grep
26.88570600003004,1697832095.257133,0.02148,word_count
33.82331971079111,1697832095.463185,0.02877,summarize
38.40436041355133,1697832095.6679616,0.03378,grep
33.68759620934725,1697832095.8636324,0.02923,word_count
42.75059141218662,1697832096.072467,0.03720,summarize
43.58671884983778,1697832096.2732499,0.03733,grep
26.64994914084673,1697832096.4558806,0.02196,word_count
28.56543008238077,1697832096.6581187,0.02313,summarize
39.69251550734043,1697832096.8699095,0.03518,grep
27.961768209934235,1697832097.057857,0.02358,word_count
27.33319252729416,1697832097.2571564,0.02324,summarize
47.90193401277065,1697832097.4779758,0.03903,grep
27.668289840221405,1697832097.657515,0.02358,word_count
32.93243423104286,1697832097.8623478,0.02882,summarize
36.8718933314085,1697832098.0661128,0.03285,grep
27.361104264855385,1697832098.257401,0.02342,word_count
29.129987582564354,1697832098.45847,0.02501,summarize
70.83521876484156,1697832098.70079,0.03579,grep
28.776584193110466,1697832098.8584907,0.02469,word_count
32.18633495271206,1697832099.0621743,0.02776,summarize
46.54366709291935,1697832099.276773,0.04210,grep
24.42962396889925,1697832099.4540787,0.02007,word_count
31.131365336477757,1697832099.6608553,0.02700,summarize
42.261915281414986,1697832099.8720732,0.03828,grep
27.91705634444952,1697832100.057905,0.02375,word_count
29.48737610131502,1697832100.2593782,0.02503,summarize
37.929972633719444,1697832100.4672182,0.03373,grep
28.272860683500767,1697832100.6574779,0.02433,word_count
26.447465643286705,1697832100.8558502,0.02233,summarize
42.59881190955639,1697832101.072335,0.03858,grep
27.245303615927696,1697832101.2564967,0.02324,word_count
27.531892992556095,1697832101.456931,0.02360,summarize
41.59552603960037,1697832101.6710656,0.03735,grep
26.44194196909666,1697832101.8564157,0.02241,word_count
36.776027642190456,1697832102.0661266,0.03257,summarize
40.18806107342243,1697832102.2702615,0.03599,grep
27.15892717242241,1697832102.4572897,0.02321,word_count
28.154969215393066,1697832102.658155,0.02390,summarize
43.03733631968498,1697832102.8731384,0.03900,grep
25.242832489311695,1697832103.055259,0.02106,word_count
27.07368228584528,1697832103.2569828,0.02302,summarize
39.93753530085087,1697832103.4698398,0.03562,grep
23.275399580597878,1697832103.6529233,0.01906,word_count
27.961581014096737,1697832103.8579154,0.02355,summarize
37.472172640264034,1697832104.0675106,0.03236,grep
27.788668870925903,1697832104.2575452,0.02310,word_count
29.517166316509247,1697832104.459086,0.02438,summarize
39.87711761146784,1697832104.6694415,0.03512,grep
28.957379050552845,1697832104.8584993,0.02402,word_count
33.43479800969362,1697832105.0630279,0.02811,summarize
42.940438725054264,1697832105.272452,0.03876,grep
24.95380025357008,1697832105.454305,0.02083,word_count
41.95039812475443,1697832105.6716251,0.03757,summarize
45.4485509544611,1697832105.8750834,0.04120,grep
31.117522157728672,1697832106.0611475,0.02692,word_count
28.30507606267929,1697832106.2584443,0.02417,summarize
39.34651520103216,1697832106.4687257,0.03531,grep
30.062605626881123,1697832106.6596923,0.02602,word_count
29.346934519708157,1697832106.859058,0.02501,summarize
36.85246221721172,1697832107.0668705,0.03281,grep
24.611233733594418,1697832107.2544427,0.02067,word_count
24.127614684402943,1697832107.4534738,0.02030,summarize
33.03229063749313,1697832107.6623945,0.02952,grep
18.693587742745876,1697832107.8489568,0.01502,word_count
25.647073052823544,1697832108.0554621,0.02218,summarize
31.701036728918552,1697832108.261041,0.02817,grep
21.47702407091856,1697832108.4513218,0.01796,word_count
24.09041579812765,1697832108.654241,0.02058,summarize
35.807015374302864,1697832108.8659198,0.03205,grep
23.81914108991623,1697832109.0535824,0.02035,word_count
20.782113075256348,1697832109.2502413,0.01710,summarize
36.09689511358738,1697832109.4658723,0.03172,grep
18.477587029337883,1697832109.6481462,0.01487,word_count
23.356453515589237,1697832109.8528965,0.01999,summarize
30.53830750286579,1697832110.0603614,0.02693,grep
20.67043073475361,1697832110.2508874,0.01710,word_count
23.617837578058243,1697832110.4539013,0.02001,summarize
32.01709594577551,1697832110.6617968,0.02833,grep
22.693817503750324,1697832110.8523228,0.01906,word_count
21.10241912305355,1697832111.051274,0.01752,summarize
32.84614626318216,1697832111.2630131,0.02921,grep
19.611094146966934,1697832111.4494386,0.01629,word_count
21.87711652368307,1697832111.6518714,0.01825,summarize
31.159101985394955,1697832111.8614333,0.02756,grep
20.102559588849545,1697832112.0503783,0.01593,word_count
24.227471090853214,1697832112.2544928,0.02070,summarize
29.54307198524475,1697832112.4588852,0.02617,grep
22.99792878329754,1697832112.6528578,0.01939,word_count
26.909170672297478,1697832112.8569438,0.02321,summarize
34.7734559327364,1697832113.0645866,0.03136,grep
20.362759940326214,1697832113.2498157,0.01671,word_count
21.53529692441225,1697832113.4512205,0.01777,summarize
34.467704594135284,1697832113.6645787,0.03067,grep
22.12920319288969,1697832113.8524468,0.01841,word_count
24.170921184122562,1697832114.054514,0.02033,summarize
30.51026724278927,1697832114.259979,0.02702,grep
22.084458731114864,1697832114.4515846,0.01856,word_count
24.95479118078947,1697832114.6544154,0.02088,summarize
29.350845143198967,1697832114.8594642,0.02587,grep
22.177552804350853,1697832115.0524604,0.01873,word_count
22.173915058374405,1697832115.2525303,0.01865,summarize
31.160899437963963,1697832115.46055,0.02756,grep
19.164045341312885,1697832115.6485374,0.01554,word_count
23.545864038169384,1697832115.8533504,0.02013,summarize
29.33219727128744,1697832116.0595453,0.02586,grep
18.247293308377266,1697832116.247651,0.01485,word_count
28.21546420454979,1697832116.4577289,0.02473,summarize
33.11354760080576,1697832116.6626925,0.02967,grep
24.10648763179779,1697832116.8542361,0.02008,word_count
26.531057432293892,1697832117.0566757,0.02265,summarize
34.11486092954874,1697832117.263699,0.03029,grep
19.068481400609016,1697832117.4485967,0.01543,word_count
22.3431047052145,1697832117.651828,0.01848,summarize
32.125975005328655,1697832117.8617544,0.02848,grep
18.98729521781206,1697832118.04901,0.01522,word_count
22.1395306289196,1697832118.2520351,0.01836,summarize
29.622135683894157,1697832118.4594755,0.02585,grep
21.634439006447792,1697832118.65193,0.01806,word_count
28.992711566388607,1697832118.8591034,0.02544,summarize
29.28590029478073,1697832119.059327,0.02557,grep
22.79848512262106,1697832119.2530212,0.01928,word_count
22.676803171634674,1697832119.452277,0.01855,summarize
35.621329210698605,1697832119.6657977,0.03217,grep
22.6944824680686,1697832119.8529303,0.01910,word_count
23.528206162154675,1697832120.0535913,0.01959,summarize
38.10758516192436,1697832120.2676046,0.03425,grep
20.31361684203148,1697832120.4507022,0.01666,word_count
23.887241259217262,1697832120.6534326,0.02042,summarize
35.08050832897425,1697832120.864706,0.03149,grep
21.863785572350025,1697832121.0514169,0.01829,word_count
24.251064285635948,1697832121.2545846,0.02063,summarize
33.74403901398182,1697832121.463263,0.03011,grep
20.395273342728615,1697832121.6505296,0.01664,word_count
28.035406954586506,1697832121.858892,0.02352,summarize
30.949865467846394,1697832122.0608761,0.02732,grep
17.817228101193905,1697832122.2477508,0.01416,word_count
22.218460217118263,1697832122.451855,0.01851,summarize
28.36508397012949,1697832122.658106,0.02471,grep
19.53342743217945,1697832122.849235,0.01600,word_count
25.608827359974384,1697832123.0556974,0.02199,summarize
28.608817607164383,1697832123.2582386,0.02514,grep
20.98096627742052,1697832123.451098,0.01757,word_count
20.66360879689455,1697832123.6507008,0.01690,summarize
33.050728030502796,1697832123.8632798,0.03043,grep
17.277458682656288,1697832124.0471854,0.01459,word_count
25.967280380427837,1697832124.255882,0.02120,summarize
27.41109486669302,1697832124.457144,0.02387,grep
16.558337956666946,1697832124.646522,0.01310,word_count
20.779581740498543,1697832124.85049,0.01744,summarize
23.97352736443281,1697832125.0543184,0.02061,grep
18.28994695097208,1697832125.2484708,0.01502,word_count
27.612322010099888,1697832125.4579413,0.02421,summarize
26.74638293683529,1697832125.6571813,0.02319,grep
17.49173179268837,1697832125.847736,0.01415,word_count
18.84685456752777,1697832126.0492523,0.01553,summarize
26.24169923365116,1697832126.2562144,0.02298,grep
16.304636374115944,1697832126.446145,0.01275,word_count
23.300206288695335,1697832126.6531534,0.01905,summarize
25.739435106515884,1697832126.856294,0.02226,grep
19.91603896021843,1697832127.0498734,0.01643,word_count
21.38678077608347,1697832127.2519956,0.01791,summarize
27.431124821305275,1697832127.4571142,0.02400,grep
20.53321059793234,1697832127.6503065,0.01702,word_count
23.148035630583763,1697832127.8534687,0.01970,summarize
33.22984278202057,1697832128.063406,0.02984,grep
19.118642434477806,1697832128.2492065,0.01571,word_count
20.048984326422215,1697832128.4499354,0.01669,summarize
31.05762694031,1697832128.6609695,0.02749,grep
24.464013054966927,1697832128.8543677,0.02101,word_count
23.599310778081417,1697832129.0536938,0.01954,summarize
29.285780154168606,1697832129.2597136,0.02584,grep
20.607730373740196,1697832129.4506698,0.01713,word_count
21.537228487432003,1697832129.651866,0.01818,summarize
29.647129587829113,1697832129.8599474,0.02620,grep
19.730244763195515,1697832130.0503182,0.01618,word_count
20.20600251853466,1697832130.2502422,0.01669,summarize
33.175332471728325,1697832130.4631047,0.02954,grep
18.69842503219843,1697832130.6491244,0.01495,word_count
24.758159182965755,1697832130.8546216,0.02127,summarize
29.69078440219164,1697832131.0599942,0.02609,grep
22.16352429240942,1697832131.2519047,0.01846,word_count
24.085232987999916,1697832131.454665,0.01992,summarize
29.02672439813614,1697832131.659375,0.02545,grep
20.58280259370804,1697832131.851061,0.01710,word_count
19.211609847843647,1697832132.0491478,0.01577,summarize
30.41405789554119,1697832132.2604797,0.02697,grep
15.987896360456944,1697832132.4461093,0.01255,word_count
20.249621011316776,1697832132.650224,0.01669,summarize
26.747995987534523,1697832132.8568583,0.02317,grep
21.34320791810751,1697832133.051075,0.01781,word_count
30.639218166470528,1697832133.2606475,0.02673,summarize
29.374921694397926,1697832133.4597533,0.02544,grep
20.083436742424965,1697832133.650634,0.01623,word_count
23.378174751996994,1697832133.853984,0.01950,summarize
27.65926904976368,1697832134.0576363,0.02359,grep
20.66357620060444,1697832134.2512503,0.01696,word_count
19.011273980140686,1697832134.448874,0.01547,summarize
27.756234630942345,1697832134.6584918,0.02449,grep
16.05751272290945,1697832134.8461328,0.01357,word_count
19.470742903649807,1697832135.0490942,0.01711,summarize
28.516140766441822,1697832135.258222,0.02619,grep
18.969325348734856,1697832135.44875,0.01683,word_count
22.001526318490505,1697832135.652325,0.01965,summarize
25.7512629032135,1697832135.8556592,0.02348,grep
19.599050283432007,1697832136.049646,0.01741,word_count
18.393659964203835,1697832136.2486355,0.01570,summarize
30.99458385258913,1697832136.4611955,0.02883,grep
15.99386241286993,1697832136.6457639,0.01362,word_count
22.039239294826984,1697832136.8523784,0.01901,summarize
29.97373975813389,1697832137.0597904,0.02774,grep
20.698703825473785,1697832137.251065,0.01827,word_count
21.071497350931168,1697832137.4507072,0.01869,summarize
33.13467465341091,1697832137.6634045,0.03088,grep
19.737686961889267,1697832137.849689,0.01755,word_count
19.57431063055992,1697832138.0501602,0.01719,summarize
30.248599126935005,1697832138.259994,0.02798,grep
20.965310744941235,1697832138.4515722,0.01812,word_count
20.815427415072918,1697832138.6510644,0.01816,summarize
29.822315089404583,1697832138.8594747,0.02725,grep
18.550992012023926,1697832139.0485787,0.01627,word_count
24.45572055876255,1697832139.254619,0.02065,summarize
32.57060796022415,1697832139.4621818,0.03021,grep
19.08644661307335,1697832139.6488051,0.01701,word_count
22.902999073266983,1697832139.8532405,0.02067,summarize
29.818793758749962,1697832140.0603526,0.02751,grep
18.988843075931072,1697832140.2488806,0.01686,word_count
21.87210600823164,1697832140.4522834,0.01964,summarize
28.338450007140636,1697832140.65825,0.02596,grep
18.14162451773882,1697832140.8476732,0.01583,word_count
21.504010073840618,1697832141.0513437,0.01891,summarize
31.86358418315649,1697832141.2623792,0.02963,grep
22.76274934411049,1697832141.4526603,0.02041,word_count
23.535113781690598,1697832141.6537228,0.02127,summarize
31.151865608990192,1697832141.8614075,0.02898,grep
24.15230218321085,1697832142.0542438,0.02187,word_count
20.566354505717754,1697832142.2503588,0.01849,summarize
30.05473781377077,1697832142.4599376,0.02788,grep
19.419388845562935,1697832142.649868,0.01731,word_count
19.085208885371685,1697832142.849478,0.01696,summarize
31.034881249070168,1697832143.061204,0.02863,grep
19.21780686825514,1697832143.2489772,0.01695,word_count
21.38617541640997,1697832143.4516454,0.01891,summarize
29.199530370533466,1697832143.659392,0.02660,grep
24.01779219508171,1697832143.853986,0.02158,word_count
24.141009896993637,1697832144.0545688,0.02182,summarize
34.30192172527313,1697832144.2644491,0.03192,grep
23.61037489026785,1697832144.4540164,0.02127,word_count
26.14784613251686,1697832144.6567028,0.02378,summarize
33.04788563400507,1697832144.8632925,0.03086,grep
15.348460525274277,1697832145.0454357,0.01315,word_count
19.170301035046577,1697832145.2491763,0.01696,summarize
28.685596771538258,1697832145.45924,0.02650,grep
22.626042366027832,1697832145.6523821,0.02047,word_count
22.591810673475266,1697832145.852509,0.02026,summarize
28.30665372312069,1697832146.0581458,0.02605,grep
